,url,电影名称,别名,全部名称,电影评分,评分人数,导演,编剧,主演,上映年份,首映日期,国家,语言,片长raw,片长,季数,集数,单集片长raw,单集片长,类型,剧情简介
0,https://movie.douban.com/subject/1851857/,蝙蝠侠：黑暗骑士 The Dark Knight,蝙蝠侠前传2：黑暗骑士 / 黑暗骑士(台) / 蝙蝠侠-黑夜之神(港) / 蝙蝠侠6：暗夜骑士 / Batman: The Dark Knight / TDK,蝙蝠侠：黑暗骑士 The Dark Knight / 蝙蝠侠前传2：黑暗骑士 / 黑暗骑士(台) / 蝙蝠侠-黑夜之神(港) / 蝙蝠侠6：暗夜骑士 / Batman: The Dark Knight / TDK,9.2,1073879,克里斯托弗·诺兰,乔纳森·诺兰 / 克里斯托弗·诺兰 / 大卫·S·高耶,克里斯蒂安·贝尔 / 希斯·莱杰 / 艾伦·艾克哈特 / 迈克尔·凯恩 / 玛吉·吉伦哈尔 / 加里·奥德曼 / 摩根·弗里曼 / 莫尼克·加布里埃拉·库尔内 / 罗恩·迪恩 / 基里安·墨菲 / 黄经汉 / 内斯特·卡博内尔 / 埃里克·罗伯茨 / 里特奇·科斯特 / 安东尼·迈克尔·豪尔 / 基斯·斯扎拉巴基克 / 柯林·麦克法兰 / 约书亚·哈尔托 / 美琳达·麦格劳 / 内森·甘宝 / 迈克尔·维约 / 迈克尔·斯托扬诺夫 / 威廉·斯米利 / 丹尼·高德林 / 迈克尔·加·怀特 / 马修·奥尼尔 / 威廉·菲克纳 / 欧鲁米基·欧拉乌米 / 格雷格·比姆 / 爱利克·赫尔曼 / 毕崔斯·罗森 / 文森佐·尼克力 / 陈冠希,2008,2008-07-14(纽约首映) / 2008-07-18(美国),美国 / 英国,英语 / 汉语普通话,152分钟,152,,,,,剧情 / 动作 / 科幻 / 惊悚 / 犯罪,从亲眼目睹父母被人杀死的阴影中走出来的“蝙蝠侠”，经历了成长之后，已经不再是那个桀骜不的孤单英雄了。在警官吉姆·戈登和检查官哈维·登特的通力帮助下，“蝙蝠侠”无后顾之忧地继续满世界的奔波，与日益增长起来的犯罪威胁做着永无休止的争斗，而他所在的高谭市，也是进展最为明显的地方，犯罪率以一种惊人的速度持续下降着，毕竟对方是能够上天入地的“蝙蝠侠”，不借两个胆子谁还敢造次呢？不过像高谭这种科技与污秽并存的城市，平静是不可能维持太久的，果不其然，新一轮的混乱很快就席卷了整个城市，人们再一被被恐慌所笼罩着，而声称愿意为这一切负责的，自然就是所有混乱的源头以及支配者--“小丑”了。 先不管“小丑”掀起一个又一个犯罪的狂潮的最终目的为何，他的企图都是邪恶的，所作所为更是早就危害到了高谭市民的正常生活……其中自然包括了“蝙蝠侠”身边几个非常重要的人，而他需要做的，就是将这股新的危机全部亲自用手捏得粉碎。然而在面对着这个有史以来最具针对性、最恶毒的对手时，“蝙蝠侠”却不得不从他的地下军械库里搬出每一件能够用得上的高科技武器，还得时刻纠结着为他曾经信仰的一切寻找答案。
1,https://movie.douban.com/subject/1945336/,通缉令 Wanted,杀神特工(港) / 刺客联盟(台) / 通缉犯,通缉令 Wanted / 杀神特工(港) / 刺客联盟(台) / 通缉犯,7.4,181361,提莫·贝克曼贝托夫,迈克尔·布拉德特 / 德里克·哈斯 / 克里斯·摩根,詹姆斯·麦卡沃伊 / 摩根·弗里曼 / 安吉丽娜·朱莉 / 特伦斯·斯坦普 / 托马斯·克莱舒曼 / 科曼 / 克里斯汀·哈格 / 马克·沃伦 / 大卫·奥哈拉 / 康斯坦丁·哈宾斯基 / 达托·巴赫塔泽 / 克里斯·帕拉特 / Lorna Scott / 索菲娅·哈克 / 布莱恩·卡斯佩,2008,2008-10-09(中国大陆) / 2008-06-27(美国),美国 / 德国,英语,110 分钟,110,,,,,动作 / 犯罪 / 奇幻,生活对小职员卫斯理（James McAvoy 饰）来说是毫无意义的重复，每天要忍受痴肥上司唠叨、好友与女友上床，还要不停用药物控制过快的心跳。这天他被一名陌生女子从疯狂枪手的追杀中救出，进入了刺客联盟的世界，救命恩人火狐（Angelina Jolie 饰）与联盟领导史隆（Morgan Freeman 饰）告知卫斯理当年抛弃他的父亲也是组织一员，最近为叛徒十字所杀，卫斯理必须尽快在严酷的训练中成长，才能自保，甚至为父报仇。 刺客联盟起源于纺织行会，他们按照纺织机提供的密码决定刺杀对象，从而顺应命运的安排。卫斯理很快凭借优异的天赋掌握一系列暗杀手段成为组织一员，开始执行命运赋予的任务，并逐渐接近向十字寻仇的目标，终于，史隆令卫斯理远赴东欧刺杀十字，但在这次任务中，卫斯理意外发现了组织内部的阴谋，而这一次，他不再用逃避解决问题。 本片获2009年英国帝国电影奖最佳科幻幻想电影奖。
2,https://movie.douban.com/subject/1307811/,魔女宅急便 魔女の宅急便,魔女琪琪(台) / 小魔女限时专送 / Kiki's Delivery Service,魔女宅急便 魔女の宅急便 / 魔女琪琪(台) / 小魔女限时专送 / Kiki's Delivery Service,8.7,464551,宫崎骏,宫崎骏 / 角野荣子,高山南 / 佐久间玲 / 户田惠子 / 山口胜平 / 信泽三惠子 / 加藤治子 / 关弘子 / 三浦浩一 / 山寺宏一 / 井上喜久子 / 渊崎由里子 / 土井美加 / 土师孝也 / 浅井淑子 / 齐藤昌 / 西村知道 / 小林优子 / 池水通洋 / 辻亲八 / 大塚明夫 / 坂本千夏 / 田口昂 / 键本景子 / 津贺有子 / 龟井芳子 / 丸山裕子,1989,1989-07-29(日本),日本,日语,103分钟,103,,,,,动画 / 奇幻 / 冒险,琪琪今年13岁了，按照魔法界的规矩，魔法少女年满13岁就要出外进行为期一年的修行。所以琪琪带着宠物黑猫吉吉踏上了修行之旅。然而，修行之旅开始得并不顺利，当琪琪来到海边一座大城市时，人们并没有欢迎她的到来，人人都不搭理她。幸亏琪琪有一颗善良的心，当她拾到了一件别人的失物时，热心的琪琪找到了失主。她的善良赢得了面包店老板娘的好感，琪琪就在面包店开始了她用飞行魔法为客人服务的快递业务。琪琪很快适应了新环境，一次，一个热衷于飞机制造的男孩邀请琪琪去参加飞行俱乐部的聚会，途中琪琪因为帮一位老大娘送东西而被雨淋了。从此，琪琪突然发现自己的魔法正在一天天变弱。
3,https://movie.douban.com/subject/1304022/,大腕,Big Shot's Funeral,大腕 / Big Shot's Funeral,7.9,214174,冯小刚,石康 / 冯小刚 / 李晓明,葛优 / 关之琳 / 英达 / 保罗·马祖斯基 / 唐纳德·萨瑟兰 / 李诚儒 / 张涵予 / 傅彪 / 刘仪伟 / 克里斯托弗·巴登 / 何平 / 牛飘 / 杜宝宝 / 李晓耕 / 许晓力 / 叶宏 / 袁德旺 / 张晞临 / 杨欣 / 吉米 / 徐啸力,2001,2001-12-21(中国大陆),中国大陆 / 中国香港,汉语普通话 / 英语,103分钟,103,,,,,喜剧,尤优（葛优饰）接到个美差，拍一部宣传记录片记录好莱坞大腕导演泰勒（唐纳德•萨瑟兰饰）在中国拍摄影片的工作过程。一开始工作顺利，但随着制片人托尼（保罗•莫索尔斯基饰）的到来，事情起了变化。闲下来的尤优和泰勒、泰勒的助手露茜（关之琳饰）到寺庙游览，三人相处得非常愉快。不料几天后泰勒因心脏病发作，生命垂危，他希望尤优能为自己操办个喜丧葬礼，尤优揽下活儿。 尤优找到老同学王小柱（英达饰），泰勒将死对王来说是一个难得商机，对托尼来说也是如此，惟有尤优和露茜是怀着朴实感情面对此事。王小柱开始出谋献策，拉了好多赞助，众多商家不惜花大钱在葬礼上做广告。局面变得无法收拾，却不料，在葬礼的背后另有玄机。
4,https://movie.douban.com/subject/2357162/,冰川时代3 Ice Age: Dawn of the Dinosaurs,冰河世纪3：大威龙驾到 / 冰河时代3：恐龙的黎明 / 冰原历险记3 / Ice Age 3,冰川时代3 Ice Age: Dawn of the Dinosaurs / 冰河世纪3：大威龙驾到 / 冰河时代3：恐龙的黎明 / 冰原历险记3 / Ice Age 3,8.3,238470,卡洛斯·沙尔丹哈 / 麦克·特米尔,迈克尔·伯格  / 彼得·阿克曼 / 迈克·里斯 / 尤尼·布伦纳 / 彼得·高尔克 / 格里·斯沃洛 / 迈克尔·J·威尔森,Eunice Cho / 麦丽·弗拉纳甘 / 杰森·弗里基奥内 / 比尔·哈德尔 / Kelly Keaton / 乔伊·金 / 奎恩·拉提法 / 丹尼斯·利瑞 / 阿莱格拉·勒吉萨莫 / 约翰·雷吉扎莫 / Lucas Leguizamo / 科里亚·刘易斯 / 简·林奇 / 乔希·佩克 / 西蒙·佩吉 / 雷·罗马诺 / 卡洛斯·沙尔丹哈 / 西恩·威廉·斯科特 / 辛迪·斯拉特里 / 克里斯·韦奇 / 克里斯汀·韦格 / 马特·阿德勒 / 史蒂夫·奥特曼 / 克劳迪娅·贝索 / 霍利·多夫 / 塞勒妮丝·雷瓦 / 蒂姆·诺德奎斯特 / 德维卡·帕利赫 / 乔纳森·柴可夫斯基 / 弗兰克·维尔克,2009,2009-07-08(中国大陆) / 2009-07-01(美国),美国,英语,94分钟,94,,,,,喜剧 / 动画 / 冒险,一群老朋友又将开始一段新的旅程。当猛犸象曼尼（Manny）沉浸在马上要当爸爸的喜悦之时，剑齿虎迭戈（Diego）却为自己的逐渐衰老而黯然伤神，此时树懒希德（Sid）则发现了三枚恐龙蛋，居然“母爱”泛滥，想做这三只小霸王龙的妈妈，结果被小恐龙真正的妈妈霸王龙掳走。 为了寻 找同伴，一群可爱的动物朋友们走进了隐藏在冰河世纪之下的“侏罗纪公园”，在这片神奇的地方，他们会认识什么新朋友，又会遭遇到什么危险，这都让所有众多“冰粉”们充满期待。 这部电影作为20世纪福克斯公司（20th Century Fox）第一部3D形式大规模上映的动画片其制作成本达到1.2亿美元，几乎是《冰河世纪1》的两倍。
5,https://movie.douban.com/subject/1297518/,九品芝麻官,九品芝麻官之白面包青天 / Hail the Judge,九品芝麻官 / 九品芝麻官之白面包青天 / Hail the Judge,8.7,689398,王晶,[佚名],周星驰 / 吴孟达 / 张敏 / 徐锦江 / 钟丽缇 / 蔡少芬 / 吴启华 / 邹兆龙 / 梁荣忠 / 黄一飞 / 苑琼丹 / 刘洵 / 黄一山,1994,1994-03-31(中国香港),中国香港 / 中国大陆,粤语,108分钟,108,,,,,剧情 / 喜剧 / 古装,包龙星（周星驰 饰）用钱买来了一个候补知县的职位，可是为人贪婪，县上的人都对他痛恨之极。在他代替正式知县的时候，戚家媳妇戚秦氏（张敏 饰）遭到了常威( 邹兆龙 饰 )的强暴，后来常威动了杀机把戚家上下都杀害了，更嫁祸于戚秦氏。常威是水师提督大人的儿子，请来大状方唐镜（吴启华 饰），收买了所有证人以便洗脱罪名。包龙星虽然极力寻找证据，也被迫害至落难他乡。他决定要上京告御状，后来他因没钱不得不在妓院打工，向老板娘学习了一身斗嘴的好功夫。他在妓院里误打误撞认识了皇上，帮助皇上有功他被封了大官，重审戚家被害的案件。他凭着聪慧与口才，全力为戚秦氏讨回公道。
6,https://movie.douban.com/subject/1292444/,大逃杀 バトル・ロワイアル,圣战 / 东京圣战 / Battle Royale,大逃杀 バトル・ロワイアル / 圣战 / 东京圣战 / Battle Royale,8.0,216098,深作欣二,深作健太 / 高见广春,藤原龙也 / 前田亚季 / 山本太郎 / 北野武 / 栗山千明 / 高冈奏辅 / 塚本高史 / 小谷幸弘 / 石川绘里 / 神谷凉 / 三村恭代 / 岛田礼 / 井上亚纪 / 松泽莲 / 本田博仁 / 新田亮 / 池田早矢加 / 永田杏奈 / 金泽祐香利 / 加藤操 / 日向瞳 / 石井里弥 / 金井爱砂美 / 花村怜美 / 柴田阳亮 / 乡志郎 / 增田裕生 / 广川茂树 / 三原珠纪 / 岛木智实 / 佐野泰臣 / 日下慎 / 西村豪起 / 山口森广 / 大西修 / 横道智 / 内藤淳一 / 木下统耶子 / 关口真衣 / 马场乔子 / 野见山晴可 / 岩村爱子 / 前田爱 / 美波 / 山村美智子 / 利根川寿寿花 / 诹访太朗 / 片冈礼子 / 谷口节 / 中井出健 / 深浦加奈子 / 宫村优子 / 柴崎幸 / 安藤政信 / 伊尔琳·菲茨杰拉德 / 斯蒂芬妮·社 / John Snyder / 斯派克·斯潘塞 / Kaiji Tang / Julie Ann Taylor,2000,2000-10(东京国际电影节) / 2000-12-16(日本),日本,日语,114分钟,114,,,,,剧情 / 惊悚,为了培养出忠实效忠于成人、在逆境中坚忍不拔的青少年一代，日本政府出台《BR》法案。每年都从全国学校随机抽出一个班级的同学，前往荒岛进行生存极限挑战——老师发给学生地图、粮食和各式武器，令他们自相残杀，直到存活下来的最后一个，才能离开荒岛。接下来，残酷的游戏规则和令人绝望的生存条件，使班级里的年轻人开始了相互杀戮。善良或者凶残，主动出击或者被动防守， 同学们开始了各自的计划，人性的丑恶在血腥的死亡中暴露无遗。 大逃杀的游戏在荒岛上壮烈上演。究竟学生们的宿命如何，谁才是最后的存活者。
7,https://movie.douban.com/subject/1315574/,加勒比海盗2：亡灵的宝藏 Pirates of the Caribbean: Dead Man's Chest,加勒比海盜：决战魔盜王(港) / 加勒比海盗：神鬼奇航2(台) / 加勒比海盗2：聚魂棺 / 加勒比海盗2：亡灵宝藏 / Pirates 2,加勒比海盗2：亡灵的宝藏 Pirates of the Caribbean: Dead Man's Chest / 加勒比海盜：决战魔盜王(港) / 加勒比海盗：神鬼奇航2(台) / 加勒比海盗2：聚魂棺 / 加勒比海盗2：亡灵宝藏 / Pirates 2,8.4,424259,戈尔·维宾斯基,泰德·艾略特 / 特里·鲁西奥 / 斯图尔特·贝亚蒂耶 / 杰·沃尔伯特,约翰尼·德普 / 奥兰多·布鲁姆 / 凯拉·奈特莉 / 杰克·达文波特 / 比尔·奈伊 / 乔纳森·普雷斯 / 李·阿伦伯格 / 麦肯锡·克鲁克 / 凯文·麦克纳利 / 大卫·拜利 / 斯特兰·斯卡斯加德 / 汤姆·霍兰德尔 / 娜奥米·哈里斯 / 马丁·科勒巴 / 大卫·斯科菲尔德 / 亚力克斯·诺顿 / 劳伦·马赫 / 内杰·亚当森 / 卢克·德·沃夫松 / 德里克·奥康纳 / 德莫特·基尼 / 克里夫·阿什伯恩 / 罗比·基 / 麦克斯·贝克 / 史蒂夫·斯皮尔斯 / 约翰·博斯沃尔 / 克里斯托弗·亚当森 / 安迪·比克维奇 / 乔纳森·林斯利 / 西蒙·米考克 / 瓦妮莎·布兰奇 / 大卫·斯特恩 / 安东尼·帕特里西奥 / 迈克尔·恩莱特 / 马克·可汗 / 大卫·扎赫迪安 / 法乌齐·卜拉希米 / 雷吉·李 / 杰拉德·J·雷耶斯 / 哈亚提·阿克巴斯 / 斯蒂芬·阿纳尼茨 / 拉斯蒂·格瑞斯登·博林 / 罗恩·博蒂塔 / 盖伊·查普曼 / 尼尔·德蒙特 / 杰拉德·加纳 / 赛米·汉拉缇 / 达隆·亨廷顿 / 保罗·雅各布森 / 马克·约瑟夫 / 乔纳森·克特,2006,2006-07-07(美国),美国,英语 / 土耳其语 / 希腊语,151分钟,151,,,,,动作 / 奇幻 / 冒险,迷人的杰克（约翰尼•戴普 饰）船长又回来了，这次，他遇到了更为强大的敌人——传说中的不死人大卫•琼斯(比尔•奈伊 饰)，他驾驶着让人恐惧的“飞行荷兰人”号快船，在速度与装备上，没有任何船能够超越它。杰克船长欠下琼斯一个血债，他必须赶在最后时限到来之前，找到破解的方法，否则他会永远背负血债，并且在余生永远成为琼斯的奴隶。 当然，杰克船长的好朋友威尔•特纳（奥兰多•布鲁姆 饰）也被卷入了他的坏运气当中。因为杰克，威尔和伊丽莎白（凯拉•奈特莉 饰）的婚礼被迫取消，伊丽莎白还被关进了监狱，威尔为了救她，只能去寻找杰克。 这次两个好朋友遇到了巨大神秘的海洋怪物、不友善的小岛土著、打扮华丽的占卜者戴尔玛，威尔失散多年的父亲--“拉靴带”比尔•特纳(斯特兰•斯卡斯加德)在关键时刻离奇现身，成为全局的转折点……
8,https://movie.douban.com/subject/1432146/,钢铁侠 Iron Man,铁甲奇侠(港) / 钢铁人(台) / 铁人,钢铁侠 Iron Man / 铁甲奇侠(港) / 钢铁人(台) / 铁人,8.4,602407,乔恩·费儒,阿特·马库姆 / 马特·霍洛维 / 马克·弗格斯 / 霍克·奥斯比,小罗伯特·唐尼 / 泰伦斯·霍华德 / 格温妮斯·帕特洛 / 杰夫·布里吉斯 / 莱丝莉·比伯 / 肖恩·托布 / 保罗·贝坦尼 / 乔恩·费儒 / 克拉克·格雷格,2008,2008-04-30(中国大陆) / 2008-04-14(悉尼首映) / 2008-05-02(美国),美国,英语 / 波斯语 / 乌尔都语 / 阿拉伯语,126分钟,126,,,,,动作 / 科幻 / 惊悚 / 冒险,斯塔克军火公司是美军在全球范围内第一大军火供应商，其新任掌门人托尼•斯塔克（小罗伯特·唐尼 Robert Downey Jr. 饰）风流倜傥，天资聪颖。他与公司元老俄巴迪亚•斯坦（杰夫·布里吉斯 Jeff Bridges 饰）合作无间，共同将斯塔克公司的业务推向顶峰。现 实生活中的托尼热衷收集名贵跑车，搞点儿发明创造，当然露水姻缘更不可少。所幸他身边有维吉尼亚•波茨（格温妮斯·帕特洛 Gwyneth Paltrow 饰）这样的好助手细心打理一切，才让他能自由自在过着贵公子的生活。 在前往中东为军方展示新型武器的途中，托尼一众遭到恐怖分子袭击。他被弹片击中险些丧命，在英森博士的帮助下，托尼体内移植了一颗核动力的人工心脏。恐怖分子要求托尼制造强大的杀伤性武器，他和英森虚与委蛇，暗中制造了一套由聚变能源驱动的钢铁盔甲。穿上盔甲托尼大闹恐怖分子的基地，回到美国后又对其进行了改进。却不知，接下来有更为黑暗的阴谋等着他……
9,https://movie.douban.com/subject/1302987/,珍珠港 Pearl Harbor,Tennessee,珍珠港 Pearl Harbor / Tennessee,8.0,267001,迈克尔·贝,兰道尔·华莱士,本·阿弗莱克 / 乔什·哈奈特 / 凯特·贝金赛尔 / 威廉姆·李·斯科特 / Greg Zola / 艾文·布莱纳 / 亚历克·鲍德温 / 杰米·金 / 凯瑟琳·凯尔纳 / 詹妮弗·加纳 / 强·沃特 / 小库珀·古丁 / 迈克尔·珊农 / 马修·戴维斯 / 岩松信 / 约翰·藤冈 / 田川洋行 / 科鲁姆·费奥瑞 / 丹·艾克罗伊德 / 雷利·麦克伦顿 / 杰西·詹姆斯 / 威廉·菲克纳 / 史蒂夫·兰金 / 布莱恩·黑利 / 大卫·霍恩斯比 / 斯科特·威尔森 / 格拉汉姆·贝克尔 / 兰迪·奥格斯比 / 斯坦·卡希尔 / 汤姆·埃沃雷特 / 托马斯·阿拉纳 / 贝丝·格兰特 / 萨拉·茹 / 姜成镐 / 拉法埃尔·沙巴拉格 / 马蒂·贝拉夫斯基 / 冈本玉二 / 伊恩·鲍汉 / 迈克尔·米尔汉 / 彼得·弗斯 / 汤姆·塞兹摩尔 / 安德鲁·布莱尼亚斯基 / 尼古拉斯·唐斯 / 蒂姆·乔特 / 约翰·迪尔 / 罗恩·哈珀 / 特德·麦金利 / 麦迪逊·梅森 / 金·寇兹 / 安德鲁·巴利 / 格伦·莫肖尔 / 保罗·弗朗西斯 / 斯科特·维普 / 艾瑞克·克里斯蒂安·奥森 / 加雷特·佐藤 / 井上英治 / 杰夫·瓦德洛 / 塞斯·萨凯 / 柯蒂斯·安徒生 / 约翰·派珀-弗格森 / 迈克尔·肖姆斯·维尔斯 / 布雷特·佩迪戈 / 肖恩·古恩 / 乔希·阿克曼 / 大卫·考夫曼 / 盖·托利 / 利兰·奥瑟 / 皮特·詹姆斯·史密斯 / 帕特·希利 / 托马斯·威尔逊·布朗 / 詹姆斯·斋藤 / 罗伯特·詹 / 弗雷德里克·凯勒 / 本·伊斯特 / 杰森·利格特,2001,2001-08-10(中国大陆) / 2001-05-25(美国),美国,英语 / 日语 / 法语 / 汉语普通话,183分钟,183,,,,,剧情 / 爱情 / 历史 / 战争,雷夫（本•阿弗莱特）和丹尼（乔什•哈奈特）是一对自小玩在一起的好兄弟，两人对飞行都有很大兴趣，曾一起学习过驾驶飞机，二战初期，两人又一起加入了美国空军部队。受训期间，雷夫与军中医院里的女护士伊弗琳（凯特•贝金赛尔）坠入爱河。 为协助欧洲各国抵抗纳粹德国的侵略，美军决定派出精英部队前往欧洲大陆，雷夫自告奋勇前往参战，并将伊弗琳托付给丹尼照顾，不久，噩耗传来，雷夫的飞机在空战中不幸被德军击落，生还可能几乎为零。伊弗琳与丹尼在相互勉励的伤痛中，萌生爱情。令他们没想到的是，雷夫并没死去，当三人重聚首时，尴尬顿生。日军偷袭珍珠港一事帮他们解了围，雷夫与丹尼决定不做情敌做战友。
10,https://movie.douban.com/subject/1950148/,赎罪 Atonement,爱·诱·罪(港) / 救赎,赎罪 Atonement / 爱·诱·罪(港) / 救赎,8.5,388146,乔·赖特,克里斯托弗·汉普顿 / 伊恩·麦克尤恩,詹姆斯·麦卡沃伊 / 西尔莎·罗南 / 凯拉·奈特莉 / 本尼迪克特·康伯巴奇 / 布兰达·布莱斯 / 哈丽特·瓦尔特 / 朱诺·坦普尔 / 阿尔菲·艾伦 / 帕特里克·肯尼迪 / 彼得·怀特 / 瓦妮莎·雷德格雷夫 / 萝玛拉·嘉瑞,2007,2008-02-22(中国大陆) / 2007-08-29(威尼斯电影节) / 2007-09-07(英国),英国 / 法国,英语 / 法语,123分钟,123,,,,,剧情 / 爱情 / 悬疑 / 战争,"1935年夏天，来自一个宽裕的英国小康家庭的13岁的少女布里奥妮（斯奥里兹•罗南 饰）刚刚开始尝试写作,想象力丰富。一天，她暗中发现仆人的儿子——罗比•特纳（詹姆斯•迈克沃伊 饰）和她姐姐塞西利亚（凯特•奈特莉 饰）之间有暧昧关系，而且发现他给她写了一封充满情色意味的情书。布里奥妮丰富的想象力虚构着各种可怕的事情，浮想联翩。当她的表姐罗拉被强奸后，布里奥妮相当肯定她看到是罗比做的，这次指证使罗比蒙冤入狱，留下伤心欲绝的塞西利亚。 第二次世界大战爆发了，出狱后的罗比和塞西利亚都投入了保卫祖国的战斗，布利奥妮放弃到剑桥升学成为一名军队医务人员。没有人能理解她的做法，只有她知道她怀揣着巨大的秘密和自责。她鼓起勇气，想把这秘密解开，能真正赎罪和得到宽恕。然而，世事幻变，出乎布利奥妮的预算。"
11,https://movie.douban.com/subject/1293203/,人鬼情未了 Ghost,第六感生死恋(台) / 生死第六感 / 幽灵,人鬼情未了 Ghost / 第六感生死恋(台) / 生死第六感 / 幽灵,8.3,211868,杰瑞·扎克,布鲁斯·乔尔·鲁宾,帕特里克·斯威兹 / 黛米·摩尔 / 托尼·戈德温 / 乌比·戈德堡,1990,1990-07-13,美国,英语,127 分钟,127,,,,,剧情 / 爱情 / 奇幻,年轻的银行职员萨姆（帕特里克•斯威兹）与未婚妻美莉（黛咪•摩尔）相爱极深，在朋友卡尔（托尼•戈德温）的热情帮助下，他们搬进一幢漂亮的公寓，做着结婚前的准备。某晚看戏归来时，他们遭遇持枪歹徒，与歹徒搏斗时，萨姆不幸中枪身亡，美莉悲痛欲绝。 萨姆变作幽灵，发现卡尔是导致他死亡的幕后策划，而为了窃取银行里的巨款，他又对美莉展开追求，以便获得萨姆所掌握的密码。为了保护美莉，萨姆常常游荡于她的周围，并渐渐地学会了如何使用力量，但他苦于无法同美莉交流。在能与幽灵沟通的灵媒奥塔的帮助下，他与美莉取得联系，但美莉起初并不相信，直到事实令她感受到萨姆的存在，可是，深深相爱的两人仍无法直接接触和交流。
12,https://movie.douban.com/subject/1927686/,爱情呼叫转移,Call For Love,爱情呼叫转移 / Call For Love,6.4,176690,张建亚,刘仪伟 / 束焕,徐峥 / 刘仪伟 / 宁静 / 白冰 / 伊能静 / 车永莉 / 沈星 / 宋佳 / 范冰冰 / 瞿颖 / 姜宏波 / 黄圣依 / 龚蓓苾 / 秦海璐,2007,2007-02-08(中国大陆),中国大陆,汉语普通话,94分钟,94,,,,,喜剧 / 爱情,徐朗（徐峥饰）人到中年，婚姻正经历七年之痒的考验。家庭生活的细碎，烦闷与周而复始，终于使他败下阵来，向相守多年的妻子提出离婚。偶然中，徐朗遇到了一个脾气古怪又爱捉弄人的天使（刘仪伟饰），得到了具有魔力的神奇礼物——一部可以满足主人所有愿望，将梦中天使带到他身边的手机。 于是，十二位性格迥异，却都拥有天使面孔的女人翩然而至。她们或纯洁坚韧，或天真无邪，或性感妖娆，或知性端庄…十二种粉红女郎，十二种生命经历，十二种致命诱惑。在这场情感的闹剧中，徐朗最终得到是不尽的幸福，还是不明的困惑…
13,https://movie.douban.com/subject/1305690/,阿飞正传 阿飛正傳,Days of Being Wild,阿飞正传 阿飛正傳 / Days of Being Wild,8.5,515638,王家卫,王家卫,张国荣 / 张曼玉 / 刘嘉玲 / 刘德华 / 张学友 / 潘迪华 / 梁朝伟,1990,2018-06-25(中国大陆) / 1990-12-15(中国香港),中国香港,粤语 / 汉语普通话 / 英语 / 菲律宾语 / 上海话,94分钟,94,,,,,剧情 / 爱情 / 犯罪,1960年代的香港，因生母在阿飞旭仔（张国荣）长大成人过程中的缺失，他把自己优雅地比喻为“无根鸟”，对生命中遇到的每一个女人都表现得放荡不羁，售票员苏丽珍（张曼玉）和舞女咪咪（刘嘉玲）先后令他感受过温暖，可是她们也只能当当小情人。为摆脱沉重和无力感，旭仔抛下一切去南洋找寻生母。 暗恋过苏丽珍且目睹过她与旭仔情感一路变化的，曾是小巡警今在跑船的超仔（刘德华）在菲律宾又遇到旭仔，是缘分也是宿命，他参与、见证了阿飞命运被改写的过程。
14,https://movie.douban.com/subject/1308857/,可可西里,Kekexili: Mountain Patrol,可可西里 / Kekexili: Mountain Patrol,8.9,306463,陆川,陆川,多布杰 / 张垒 / 奇道 / 赵雪莹 / 马占林 / 赵一穗,2004,2004-10-01(中国大陆) / 2005-04-21(中国香港),中国大陆 / 中国香港,汉语普通话 / 藏语,85分钟(中国大陆),85,,,,,剧情 / 犯罪,尕玉（张磊 饰）本来是个警察，为了调查藏羚羊猎杀状况，他假扮记者身份，随考察团来到可可西里——那里气候寒冷、空气稀薄，含氧量极低。就在这个人类生存的“禁区”，尕玉目睹了一幕幕人性的贪婪以及人类与环境的狂暴冲突。首先是藏羚羊保护站的巡山队员被盗猎人枪杀，接下来他们见到了悲惨的一幕：盗猎者逃走，只留下众多只剩嶙峋白骨的藏羚羊。巡山队员在恶劣的环境中追捕凶手，最终只夺回了一部份的藏羚羊皮毛。一方面要与恶劣的自然环境抗争、另一方面还要与凶残的盗猎者周旋，巡山队员和尕玉面临着生死考验。
15,https://movie.douban.com/subject/1309004/,孔雀,Peacock,孔雀 / Peacock,8.2,133312,顾长卫,李樯,张静初 / 冯瓅 / 吕聿来 / 黄梅莹 / 刘冠成 / 安静 / 于谨维,2005,2005-02-18(中国大陆),中国大陆,汉语普通话 / 晋语,136分钟,136,,,,,剧情 / 家庭,上世纪七八十年代的河南古城安阳，某个五口之家的姐姐（张静初）、哥哥（冯瓅）和弟弟（吕玉来）在社会剧烈转型时期，踏上不同的人生之路。 姐姐二十出头，虽看起来清瘦文静，内心却刚烈执拗，为实现梦想可以将自己豁出，无奈现实无情，经过多次挫败后她学会听天由命；哥哥二十三四岁，因小时得病落下轻微脑疾，父母对他的关爱皆多一层，经人介绍与精明的跛脚姑娘结婚后，他过上自己很满意的日子；弟弟十七八岁，敏感、忧郁，内心世界过于丰富，因为某件事被父亲赶出家门后，开始在外面找寻属于自己的生活，然而所获只是时间将其改造得面目全非。
16,https://movie.douban.com/subject/1297747/,少林足球,Shaolin Soccer,少林足球 / Shaolin Soccer,8.1,421265,周星驰,周星驰 / 曾瑾昌 / 冯勉恒 / 冯志强 / 卢薇,周星驰 / 赵薇 Wei Zhao / 吴孟达 / 谢贤 / 莫文蔚 / 张柏芝 / 黄一飞 / 田启文 / 林子聪 / 陈国坤 / 莫美林 / 林子善 / 李卉 / 谷德昭,2001,2001-07-12(中国香港),中国香港,粤语,113分钟,113,,,,,喜剧 / 动作 / 运动,二十年前有“黄金右脚”之称，但因一场被师兄强雄设计陷害的比赛而断了右脚自此名誉扫地的明锋（吴孟达）偶然认识了有惊人脚力的星（周星驰），说服了对方练习足球参加不久会举行的全国超级杯足球大赛，星找来曾一同在少林寺习武的一帮师兄弟，并唤醒了他们快被平庸生活消磨光了的潜在斗志，众人经过历练终结成名副其实的“少林队”。阿梅（赵薇）以太极功夫制造馒头，令星十分敬佩与之成了好友，但阿梅不只当星为好友，只因样貌奇丑而自卑一直不敢表露心意。 “少林队”在全国超级杯足球大赛上屡战屡捷杀进决赛，不想卫冕之战对手竟是强雄（谢贤）所带领的“魔鬼队”，同二十年前一样，强雄再耍阴招令“少林队”节节败退，关键时刻，阿梅现身。
17,https://movie.douban.com/subject/1292212/,天使之城 City of Angels,天使多情(港) / X情人(台),天使之城 City of Angels / 天使多情(港) / X情人(台),7.9,149023,布拉德·塞伯宁,维姆·文德斯 / 彼得·汉德克 / 里卡德·赖廷格 / 达娜·史蒂文斯,尼古拉斯·凯奇 / 梅格·瑞恩 / 安德鲁·布劳尔 / 丹尼斯·弗兰茨 / 科鲁姆·费奥瑞 / 罗宾·巴特利特 / 乔安娜·默林 / 莎拉·丹普夫 / 朗达·多森 / 奈杰尔·吉布斯 / 约翰·普奇 / 劳里·约翰逊 / 克里斯蒂安·奥伯特 / 杰·帕特森 / 希希尔·库鲁普 / 布莱恩·马克金森 / 伯纳德·怀特 / 丹·戴斯蒙德 / 迪尔德丽·奥康奈尔 / 金·墨菲 / 查德·林德伯格 / 亚历山大·福克 / Sid Hillman / Kristina Malota / 威廉·斯坦福德·戴维斯 / 尼克·奥弗曼 / 翘征 / Keaton Tyndall / Kylie Tyndall / 艾米·布伦尼曼 / Andrew Frankel / 亚历山大·古尔德 / Steve Mora / 伊丽莎白·苏,1998,1998-04-10(美国),美国 / 德国,英语,114分钟,114,,,,,剧情 / 爱情 / 奇幻,天使塞斯（尼古拉斯•凯奇 饰）拥有天使应该拥有的一切法力，还能永生。他的使命就是每天游荡在医院里将已去的人们带到另外一个世界，他却爱上了医院的医生梅姬（梅格•瑞恩 饰），为了能够和心爱的人在一起，塞斯放弃了天使的身份，放弃永生，坠入了凡间。然而，他却并不明白，等待他的，除了动人的爱情，还有弄人的命运。
18,https://movie.douban.com/subject/1309046/,,,,,,,,,,,,,,,,,,,,
19,https://movie.douban.com/subject/1329562/,头文字D 頭文字D,飘移族 / Initial D,头文字D 頭文字D / 飘移族 / Initial D,7.8,400810,刘伟强 / 麦兆辉,庄文强,周杰伦 / 陈冠希 / 黄秋生 / 杜汶泽 / 铃木杏 / 余文乐 / 钟镇涛 / 陈小春 / 津村和幸 / 阿部力 / 田中千绘 / 刘畊宏,2005,2005-06-23(中国大陆/中国香港) / 2005-06-19(北京首映),中国香港 / 日本,粤语 / 英语,109分钟,109,,,,,剧情 / 动作,每天清晨都有一辆AE86在秋名山上漂移，而且速度快得惊人，这辆AE86属于藤原豆腐店。藤原拓海（周杰伦 饰）每天清晨都要帮父亲藤原文太（黄秋生 饰）把自家店里的豆腐送到秋名山上的旅店，但这并不是拓海想做的一件事。拓海还会在阿木（杜文泽 饰）家开的加油站做兼职。中里毅（余文乐 饰）向阿木的车队挑战，当中里毅在秋名山练习的时候，竟然被一辆AE86轻易爬过头，中里毅决定打听这辆AE86的消息，要跟他比赛一番。
20,https://movie.douban.com/subject/1309027/,罪恶之城 Sin City,罪恶城(港) / 万恶城市(台) / 原罪之城 / 罪恶都市,罪恶之城 Sin City / 罪恶城(港) / 万恶城市(台) / 原罪之城 / 罪恶都市,8.4,197553,弗兰克·米勒 / 罗伯特·罗德里格兹 / 昆汀·塔伦蒂诺,弗兰克·米勒,杰西卡·阿尔芭 / 布鲁斯·威利斯 / 克里夫·欧文 / 本尼西奥·德尔·托罗 / 罗莎里奥·道森 / 布莱特妮·墨菲 / 米基·洛克 / 阿丽克西斯·布莱德尔 / 乔什·哈奈特 / 戴文·青木 / 鲍沃斯·布斯 / 祖德·塞克利拉 / Jeffrey J. Dashnaw / 杰森·道格拉斯 / 迈克·克拉克·邓肯 / 汤米·弗拉纳根 / 里克·戈麦斯 / 卡拉·古奇诺 / 鲁格·豪尔 / David H. Hickey / 尼基·凯特 / 杰米·金 / 迈克尔·马德森 / 伊桑·曼尼奎斯 / 约翰·麦克劳德 / 克拉克·米德尔顿 / 弗兰克·米勒 / 伊桑·瑞恩斯 / 尼克·奥弗曼 / 马可·佩雷拉 / 兰德尔·瑞德 / 玛丽·谢尔顿 / 尼克·斯塔尔 / 保罗·T·泰勒 / 肯·托马斯 / Rico Torres / 麦肯兹·韦加 / 阿里·维文 / 克里斯·华纳 / 伊利亚·伍德 / 杰西卡·黑尔 / Sammy Harte / 劳伦伊莱恩爱德森 / Texas / 艾米·罗宾 / 罗伯特·罗德里格兹 / 彭妮·维塔尔 / 凯瑟琳·威利斯,2005,2005-04-01(美国),美国,英语,124 分钟,124,,,,,动作 / 惊悚 / 犯罪,影片改编自著名漫画大师弗兰克•米勒的经典同名漫画，由三个故事组成，都发生在虚拟的罪恶之城，这里，警察和暴徒已无分别，暴力摧毁一切，也保护一切。 故事一：罪城 容貌丑陋，脾气火爆的马福（米基•洛克 饰），遇上了金发美女歌蒂，一夜情给了马福从未有过的温暖。然而，醒来之后，马福发现躺在身边的歌蒂被谋杀，自己则面临着杀人凶手的指控。 马福的心被愤怒和复仇的火焰点燃，他在歌蒂的姐姐温蒂的帮助下，调查事实的真相，寻找杀害自己爱人的凶手...... 故事二：狙杀 迪怀特(克里夫•欧文 饰)以前是罪犯，整容后，他成了酒吧招待雪莉的男朋友，并且帮她教训纠缠不清的前男友，有暴力倾向的杰奇(本尼西奥•德尔托罗 饰)。 迪怀特跟踪杰奇一伙到了由妓女帮派统治的老城，杰奇不按规则办事，被妓女们杀死，之后，她们才发现，杰奇是警察，他的死，破坏了妓女们和警察之间的协议。迪怀特必须帮她们掩盖犯罪事实，并且保护她们的权利...... 故事三：黄杂种 哈迪根(布鲁斯•威利斯 饰)由于心脏病快退休了，在他警察生涯的最后一小时，哈迪接到情报，参议员的儿子罗杰绑架了11岁的少女南茜，罗杰是几起奸杀案的主要嫌疑人，落到他手里凶多吉少。 哈迪根单枪匹马的救出了南希，废掉了罗杰，自己也身受重伤。随后的八年，罗杰的参议员父亲，利用权势将他关在监狱中，逼他为罗杰顶罪，哈迪根一直没有屈服，而南希化名为科里迪娅的来信则是她生活中的唯一慰藉。 南希的来信突然中断了，这让哈迪根很不安，他不得不放弃反抗，以认罪来换取假释，寻找保护南希。他并不知道，一直在暗中跟踪他的怪物黄杂种，将让他和南希重新陷入危险之中......
21,https://movie.douban.com/subject/4023638/,国王的演讲 The King's Speech,皇上无话儿(港) / 王者之声：宣战时刻(台) / 王的演讲 / 国王的演说,国王的演讲 The King's Speech / 皇上无话儿(港) / 王者之声：宣战时刻(台) / 王的演讲 / 国王的演说,8.4,605578,汤姆·霍伯,大卫·塞德勒,科林·费尔斯 / 杰弗里·拉什 / 海伦娜·伯翰·卡特 / 盖·皮尔斯 / 迈克尔·刚本 / 蒂莫西·斯波 / 詹妮弗·艾莉 / 德里克·雅各比 / 安东尼·安德鲁斯 / 克莱尔·布鲁姆,2010,2012-02-24(中国大陆) / 2010-09-06(特柳赖德电影节) / 2010-12-25(美国) / 2011-01-07(英国),英国 / 澳大利亚 / 美国,英语,118分钟,118,,,,,剧情 / 传记 / 历史,约克郡公爵（柯林·菲尔斯 Colin Firth 饰）因患口吃，无法在公众面前发表演讲，这令他接连在大型仪式上丢丑。贤惠妻子伊丽莎白（海伦娜·邦汉·卡特 Helena Bonham Carter 饰）为了帮助丈夫，到处寻访名医，但是传统的方法总不奏效。一次偶然的机会，她慕名来到了语言治疗师莱纳尔罗格（杰弗里·拉什 Geoffrey Rush 饰）的宅邸，传说他的方式与众不同。虽然公爵对罗格稀奇古怪的招法并不感兴趣，首次诊疗也不欢而散。但是，公爵发现在聆听音乐时自己朗读莎翁竟然十分流利。这让他开始信任罗格，配合治疗，慢慢克服着心理的障碍。乔治五世驾崩，爱德华八世继承王位，却为了迎娶寡妇辛普森夫人不惜退位。艾伯特临危受命，成为了乔治六世。他面临的最大挑战就是如何在二战前发表鼓舞人心的演讲……
22,https://movie.douban.com/subject/1308076/,蓝宇 藍宇,Histoire d'hommes à Pékin / Lan Yu,蓝宇 藍宇 / Histoire d'hommes à Pékin / Lan Yu,8.4,309442,关锦鹏,魏绍恩,胡军 / 刘烨 / 苏瑾 / 李华彤 / 卢芳 / 张永宁 / 李爽 / 李滨 / 赵敏芬 / 张少华,2001,2001-11-22(中国香港) / 2021-12-10(中国台湾重映),中国大陆 / 中国香港,汉语普通话,86分钟(香港),86,,,,,剧情 / 爱情 / 同性,陈捍东（胡军）和蓝宇（刘烨）的爱情始于一场性交易，其时，蓝宇是为生活所迫决定出卖自己肉体的清纯大学生，陈捍东则是情场老手，惯做“花花公子”的他虽对特别的蓝宇怦然心动，却也认为蓝宇不过是他众多玩伴中的一个。慢慢地，随着两人交往的深入，陈捍东发现自己的心已在不知不觉间被蓝宇充满。可是他又不敢肯定，试图通过与女人结婚证明自己的“正常”，当求证到那不过是错觉一场时，蓝宇早已消失在茫茫人海。 真正的爱情故事总是令旁观者唏嘘感叹，无论它是异性间还是同性间的。而令旁观者感动的爱情，往往又是同勇敢、固执、单纯等简单却难拥有的质量联系在一起的，蓝宇（和捍东）正属稀少的那类人，所以他们的爱情才显珍贵。
23,https://movie.douban.com/subject/1303173/,甲方乙方,比火还热的心 / 你不是一个俗人 / The Dream Factory,甲方乙方 / 比火还热的心 / 你不是一个俗人 / The Dream Factory,8.4,320617,冯小刚,冯小刚 / 王刚,葛优 / 刘蓓 / 何冰 / 冯小刚 / 英达 / 徐帆 / 杨立新 / 李琦 / 傅彪 / 李滨 / 叶京 / 刘震云 / 王小柱 / 张秋芳 / 孟赫 / 马永玲 / 孙桂田 / 李伟建,1997,1997-12-24(中国大陆),中国大陆,汉语普通话,87分钟,87,,,,,喜剧,四个年轻人姚远(葛优饰)，周北雁(刘蓓饰)，钱康(冯小刚饰)，梁子(何冰饰)是一群自由职业者。他们突发奇想，开办了一个“好梦一日游”业务，承诺帮人们过上梦想成真的一天。人们离奇古怪的愿望接踵而至，似乎人人都想给自己现有的生活来一个180度大转弯。于是，富贵的想尝试贫穷，明星想体验平凡，小平民想做巴顿将军，守不住秘密的厨子想成为守口如瓶的铮铮铁汉……在搞笑荒诞的愿望中，四个年轻人忙碌着扮演各种场景角色，他们把真情融入到了这些故事当中。生活过得充满乐趣，有滋有味。
24,https://movie.douban.com/subject/1291575/,玩具总动员 Toy Story,反斗奇兵(港) / 玩具的故事,玩具总动员 Toy Story / 反斗奇兵(港) / 玩具的故事,8.6,373132,约翰·拉塞特,约翰·拉塞特 / 彼特·道格特 / 安德鲁·斯坦顿 / 乔·兰福特 / 乔斯·韦登 / 乔尔·科恩 / 亚历克·索科洛,汤姆·汉克斯 / 蒂姆·艾伦 / 唐·里克斯 / 吉姆·法尼 / 华莱士·肖恩 / 约翰·拉森贝格 / 安妮·波茨 / 约翰·莫里斯 / 伊瑞克·冯·迪滕 / 劳里·梅特卡夫 / 李·厄米 / 佩恩·吉列特 / 杰克·安杰尔 / 黛比·德里贝里 / 比尔·法玛尔 / 雪莉·琳恩 / 斯科特·麦克菲 / 米凯·麦高万 / 杰夫·皮金 / 菲尔·普洛克特 / 扬·拉布森 / 乔·兰福特 / 安德鲁·斯坦顿 / 内森·连恩 / 约翰·拉塞特 / 卢卡·佩洛斯 / 埃林·萨贝拉,1995,1995-11-22(美国),美国,英语,81分钟,81,,,,,喜剧 / 动画 / 家庭,小主人家境富裕，拥有一屋的玩具。其中他最爱的是牛仔玩偶胡迪，胡迪因此成为众玩具的“老大”。当小主人出门在外时，一屋的玩具自成世界，过着自己的生活。一天，小主人带回了一个新的玩意：太空战警巴斯光年。巴斯光年长相新奇，功能先进，令小主人爱不释手，威胁到了胡迪的地位。胡迪千方百计要赶走巴斯，一不小心二人一起掉出了房间窗口外，邻居的恶狗在狂吠，邻居的小孩是一个玩具虐待狂，胡迪巴斯能不能化敌为友，消灾解难？
25,https://movie.douban.com/subject/1308974/,偷心 Closer,诱心人(港) / 靠近 / 偷情 / 靠不进的爱 / 接近,偷心 Closer / 诱心人(港) / 靠近 / 偷情 / 靠不进的爱 / 接近,7.8,163820,迈克·尼科尔斯,派崔克·马柏,朱莉娅·罗伯茨 / 裘德·洛 / 娜塔莉·波特曼 / 克里夫·欧文 / 科林·斯廷顿 / Nick Hobbs,2004,2004-12-03(美国),美国 / 英国,英语,104 分钟,104,,,,,剧情 / 爱情,四个男女之间的反复关系，在爱情里追逐和厌倦。丹（裘德·洛 Jude Law 饰）是作家，他爱上了舞女爱丽丝（娜塔丽·波特曼 Natalie Portman 饰）。丹对爱丽丝炽热燃烧的爱情给了他灵感和激情，但厌倦也随之而来，他内心在寻找另一个人的爱，终于他遇上了摄影师安娜 （朱莉娅·罗伯茨 Julia Roberts 饰）。 安娜和另一个年轻人拉里（克里夫·欧文 Clive Owen饰），在爱的游戏里相互试探和接近。但是丹的进攻也让她动了情。讽刺的是，安娜的情人拉里，也和爱丽丝有了瓜葛。 于是，躺在他们身边的人，未必是他们心里想念的那人。
26,https://movie.douban.com/subject/1297863/,武状元苏乞儿 武狀元蘇乞兒,King of Beggars,武状元苏乞儿 武狀元蘇乞兒 / King of Beggars,8.1,390906,陈嘉上,陈建忠 / 陈嘉上,周星驰 / 张敏 / 吴孟达 / 徐少强 / 林威 / 陈百祥 / 郑丹瑞 / 苑琼丹 / 陈慧仪,1992,1992-12-17(中国香港),中国香港,粤语,96分钟(台湾),96,,,,,喜剧 / 动作 / 武侠 / 古装,广州提督之子苏灿（周星驰 饰）在考取武状元时，被人设计陷害沦为乞丐。因为丐帮四大长老杀了自己的教主，入主朝廷的天理教太乙真人四处迫害丐帮，加上丐帮帮主阵亡令打狗棒法失传，丐帮一时四分五裂群龙无首。在心仪苏灿的如霜（张敏 饰）的暗中帮助下，传功长老选中苏灿为丐帮接班人，传以打狗律 法要诀。苏灿学艺成功后，成为新任帮主，开始团结各地丐帮会员自强，共同奋力对抗天理教。太乙真人（徐少强 饰）欲拥兵自立，预谋在皇帝狩猎之时下手行刺，不料消息走露传到苏灿耳中。
27,https://movie.douban.com/subject/1297447/,倩女幽魂,倩女幽魂(87版) / 倩女幽魂：妖魔道 / A Chinese Ghost Story,倩女幽魂 / 倩女幽魂(87版) / 倩女幽魂：妖魔道 / A Chinese Ghost Story,8.8,745101,程小东,阮继志,张国荣 / 王祖贤 / 午马 / 刘兆铭 / 林威 / 薛芷伦 / 胡大为 / 王晶,1987,2011-04-30(中国大陆) / 1987-07-18(中国香港),中国香港,粤语,98分钟(香港),98,,,,,爱情 / 奇幻 / 武侠 / 古装,书生宁采臣（张国荣饰）收账不成，无处可归，遂夜宿鬼寺兰若寺，遇上侠士燕赤霞（午马饰），二人成为邻居。一日偶遇艳女小倩（王祖贤饰），二人两情相悦，但小倩乃是被树妖姥姥控制的鬼魂，专门迷惑精壮男子代姥姥吸取阳气。小倩见宁采臣心地善良不忍加害，并与他感情逐渐加深。宁采臣欲救小倩脱离姥姥魔掌，但苦于姥姥功力深厚，小倩无法脱离其魔掌。二人遂向燕赤霞求救......
28,https://movie.douban.com/subject/1307739/,国产凌凌漆 國產凌凌漆,凌凌漆大战金枪客 / 国产零零漆 / 国产007 / From Beijing with Love,国产凌凌漆 國產凌凌漆 / 凌凌漆大战金枪客 / 国产零零漆 / 国产007 / From Beijing with Love,8.4,411051,李力持 / 周星驰,谷德昭 / 李力持 / 张肇麟 / 周星驰,周星驰 / 袁咏仪 / 罗家英 / 陈宝莲 / 郑祖 / 黄锦江 / 李力持 / 于荣光 / 李健仁 / 古明华 / 黄一飞 / 梁思浩 / 梁小熊 / 曾守明 / 邓兆尊 / 梁克逊 / 黄老邪 / 叶进,1994,1994-10-13(中国香港),中国香港,汉语普通话 / 粤语,83分钟,83,,,,,喜剧 / 动作,一代著名特工凌凌漆（周星驰 饰）长期被上级弃用，沦为卖肉摊主。一具价值连城的恐龙骨架被一个浑身盔甲的金枪客盗去，因为线索少任务危险，凌凌漆又被高层领导委以重任。 凌凌漆依循线索来到香港，与联络人香琴（袁咏仪 饰）碰头，不想香琴处心积虑找机会要将凌凌漆杀死，原来她的另一身份是金枪客派来的杀手，但经历过出生入死的战斗后，香琴与凌凌漆渐生出了真情。而此时，金枪客的真实身份也被曝光，发现自己掉进某个阴谋里的凌凌漆开始奋力与敌手较量。
29,https://movie.douban.com/subject/1820145/,理发师陶德 Sweeney Todd: The Demon Barber of Fleet Street,魔街理发师(港) / 疯狂理发师：伦敦首席恶魔剃刀手(台) / 恶魔理发师,理发师陶德 Sweeney Todd: The Demon Barber of Fleet Street / 魔街理发师(港) / 疯狂理发师：伦敦首席恶魔剃刀手(台) / 恶魔理发师,7.8,151421,蒂姆·波顿,约翰·洛根 / 休·惠勒 / 史蒂芬·桑德海姆,约翰尼·德普 / 海伦娜·伯翰·卡特 / 艾伦·瑞克曼 / 蒂莫西·斯波 / 萨莎·拜伦·科恩 / 杰米·坎贝尔·鲍尔 / 劳拉·米歇尔·凯利 / 简妮·怀森纳 / 爱德·山德斯 / Jody Halse / Lee Whitlock / 大卫·麦凯尔 / 菲利普·菲尔玛 / 史蒂芬 阿施菲尔德 / 杰瑞·贾奇 / 诺曼·坎贝尔·里斯 / 丽莎萨多维 / 盖伊·布朗 / 蒂姆·格兰菲尔德 / 安东尼·海德 / Les Loveday / 尼克·托马斯-韦伯斯特 / Gracie May Weldon / Ava May / Gabriella Freeman / Aron Paramor,2007,2007-12-21(美国),美国 / 英国,英语,116 分钟,116,,,,,剧情 / 恐怖 / 歌舞,受法官塔萍（阿伦`瑞克曼）陷害，被迫流放他乡15年的陶德（约翰尼`德普）回到伦敦后，满心的怒火，只想复仇。他的妻子露西（劳拉`凯利）已经不知所踪，而女儿乔安娜（珍妮`怀森纳）则被塔萍作为养女囚禁在深宅大院里。 陶德遇到了馅饼店老板娘洛薇特夫人（海伦娜`卡特），也是一直爱恋他的女人。在馅饼店楼上，陶德重新开张了他的理发店。渐渐的馅饼的生意好了起来，只是烟筒里不断冒出恶臭的黑烟。理发店的客人也很多，却很少见到有人走出来。那里，陶德一直在等着法官塔萍的到来。
30,https://movie.douban.com/subject/3578981/,叶问2：宗师传奇 葉問2,叶问2 / Ip Man 2 / Yip Man 2,叶问2：宗师传奇 葉問2 / 叶问2 / Ip Man 2 / Yip Man 2,7.4,258717,叶伟信,黄子桓,甄子丹 / 洪金宝 / 熊黛林 / 黄晓明 / 樊少皇 / 郑则仕 / 敖嘉年 / 杜宇航 / 达伦·萨赫拉维 / 释小龙 / 任达华 / 郑家星 / 陆梅芳,2010,2010-04-27(中国大陆),中国大陆 / 中国香港,粤语 / 汉语普通话 / 英语,108分钟,108,,,,,动作 / 传记 / 历史,叶问（甄子丹 饰）携家眷来到香港，艰难度日。叶问开武馆宣扬咏春拳术，但无人问津。某日，黄梁（黄晓明 饰）登门拜访，比武之后，甘愿携一班兄弟，拜在叶问门下。黄梁因故与洪拳门下斗殴，结果被捉。叶问来救，却巧遇昔日对手金山找（樊少皇 饰），两人冰释前嫌，却不想被洪拳掌门洪震南（洪金宝 饰）拦下，以致众人被警察（郑则仕 饰）拘捕。洪震南提醒叶问，欲在香港开武馆，必须接受各大门派挑战。于是叶问单刀赴会，最终与洪震南对决，不分伯仲，叶问因拒绝缴纳会费，而遭到洪门寻衅滋事，以致武馆被关。背地里，洪震南替英国警察操持华洋比赛，但始终未有报酬，深感不平。拳击冠军龙卷风来到中国，在比赛现场中侮辱中国武术，打伤中国拳师。洪震南挺身而住，血溅现场。为了中国武术的荣誉，叶问接受了龙卷风的挑衅，为民族大义而战……
31,https://movie.douban.com/subject/1292523/,侏罗纪公园 Jurassic Park,Jurassic Park 3D,侏罗纪公园 Jurassic Park / Jurassic Park 3D,8.3,320146,史蒂文·斯皮尔伯格,迈克尔·克莱顿 / 大卫·凯普,山姆·尼尔 / 劳拉·邓恩 / 杰夫·高布伦 / 理查德·阿滕伯勒 / 鲍勃·佩克 / 马丁·费雷罗 / 约瑟夫·梅泽罗 / 阿丽亚娜·理查兹 / 塞缪尔·杰克逊 / 黄荣亮 / 韦恩·奈特 / 杰拉尔德·R·莫伦 / 米盖尔·桑多瓦尔,1993,2013-08-20(中国大陆 3D) / 1993-06-11(美国) / 2013-04-05(美国),美国,英语 / 西班牙语,127 分钟,127,,,,,科幻 / 惊悚 / 冒险,哈蒙德（理查德•阿滕伯勒 Richard Attenborough 饰）立志要建立一个非同寻常的公园：恐龙将是这个公园的主角。他把众多科学家收归旗下，利用琥珀里面困住的远古蚊子体内的血液，提取出恐龙的基因信息，利用这些信息培育繁殖恐龙。结果如愿以偿，他把怒布拉岛建立成了一个恐龙公园，坚信可以从中赚取大钱。然而，科学家们则忧心忡忡。 不幸的事情果然发生了。虽然公园有电脑系统管理，但却因为被员工破坏而造成了无法挽救的失控：所有的恐龙逃出了控制区，人们纷纷逃窜却逃不过恐龙的魔爪。恐龙自相残杀，人们亦死难无数，最后幸存者寥寥，只得四人逃出生天。怒布拉岛上空弥漫着恐怖的气息。
32,https://movie.douban.com/subject/1291562/,黑暗中的舞者 Dancer in the Dark,天黑黑(港) / 在黑暗中漫舞(台),黑暗中的舞者 Dancer in the Dark / 天黑黑(港) / 在黑暗中漫舞(台),8.2,82166,拉斯·冯·提尔,拉斯·冯·提尔,比约克 / 凯瑟琳·德纳芙 / 大卫·摩斯 / 彼得·斯特曼 / 乔尔·格雷 / 卡拉·西摩 / Vladica Kostic / 让-马克·巴尔 / 文森特·帕特森 / 希芳·法隆 / 泽利科·伊万内克 / 乌多·基尔 / 彦斯·阿尔比努斯 / Reathel Bean / Mette Berggreen / Katrine Falkenberg / 约翰·德拉斯 / Luke Reilly / 斯特兰·斯卡斯加德 / Sean-Michael Smith / 帕普丽卡·斯汀 / Eric Voge / Al Agami / Anna David / Troels Asmussen,2000,2000-05-17(戛纳电影节) / 2000-09-01(丹麦),丹麦 / 德国 / 荷兰 / 意大利 / 美国 / 英国 / 法国 / 瑞典 / 芬兰 / 冰岛 / 阿根廷 / 挪威 / 中国台湾 / 比利时,英语 / 德语 / 捷克语,140 分钟,140,,,,,剧情 / 歌舞,在美国某个乡村工厂做工的捷克移民塞尔玛（比约克）天性善良，因患有先天性疾病，她的视线正日趋模糊。为了不让遗传了该病的儿子也将宿命继承，塞尔玛每日做工都很辛苦，不知情的好友兼同事林达（凯萨琳•丹妮芙）因心疼而好言相劝时，她总是报一微笑，因为她还有另一个纯粹属于音乐的世界，其间的美好与安静，足以抵挡现实的心酸与艰难。 令她欣慰的是，在眼睛要彻底变瞎之前，基本筹齐了儿子手术所需的费用，然而就在此时，意外发生，她的命运被加速推向复杂悲惨的境地。
33,https://movie.douban.com/subject/1437342/,冰川时代2 Ice Age: The Meltdown,冰川时代2：融冰之灾 / 冰河世纪2：消融 / 冰原历险记2 / Ice Age 2,冰川时代2 Ice Age: The Meltdown / 冰川时代2：融冰之灾 / 冰河世纪2：消融 / 冰原历险记2 / Ice Age 2,8.2,241714,卡洛斯·沙尔丹哈,彼得·高尔克 / 格里·斯沃洛 / 吉姆·赫克特,雷·罗马诺 / 约翰·雷吉扎莫 / 丹尼斯·利瑞 / 西恩·威廉·斯科特 / 乔希·佩克 / 奎恩·拉提法 / 威尔·阿奈特 / 杰·雷诺 / 克里斯·韦奇 / 彼得·阿克曼 / 约瑟夫·博洛尼亚 / 彼得·德塞夫,2006,2006-06-09(中国大陆) / 2014-10-13(中国大陆 3D) / 2006-03-31(美国),美国,英语,91 分钟,91,,,,,喜剧 / 动画 / 冒险,地球上的冰河期终于就快要结束了！面对一天天变暖的天气，动物们都欢欣鼓舞。万物回春的天气里，食物多种多样，生活无忧无虑…… 我们第一集的三个英雄迭戈（剑齿虎）、曼尼（猛犸）和希德（树獭）却在普世欢腾的气氛中察觉出了危机：随着地球逐渐变暖，水位正慢慢上升，照这个速度下去，动物们的家园很快将被淹没。 于是，动物们在迭戈、曼尼和希德的带领下，又开始了找寻新家园的旅途。路上，除了欢笑连连，还有苦难多多。动物们最终能否克服困难，找到一个全新的天地？
34,https://movie.douban.com/subject/1297223/,鹿鼎记 鹿鼎記,新鹿鼎记(台) / Royal Tramp,鹿鼎记 鹿鼎記 / 新鹿鼎记(台) / Royal Tramp,8.3,338131,王晶,王晶,周星驰 / 吴孟达 / 张敏 / 吴君如 / 邱淑贞 / 刘松仁 / 陈百祥 / 袁洁莹 / 温兆伦 / 徐锦江 / 陈德容,1992,1992-07-30(中国香港),中国香港,粤语,110分钟,110,,,,,喜剧 / 动作 / 武侠 / 古装,清朝初期，康熙皇帝尚且年少，奸臣从中控制政权，民不聊生。“天地会”是一个推翻清朝的民间组织。“天地会”首领陈近南（刘松仁 饰）在一次行动中幸得韦小宝（周星驰 饰）相救，小宝就此加入天地会，被派到王宫当卧底，偷取藏有清朝秘密的四十二章经。聪明机灵的小宝很快便成为了皇上的心腹，做了大官。小宝陷入了两难的状态，他既要执行任务却又跟皇帝成为了好朋友。就在小宝想要逃走之际，师父陈近南也找到了他，并派人监视他回到王宫。不久，小宝便受到了鳌拜同盟以及假太后的追杀，与天地会的人大战起来。
35,https://movie.douban.com/subject/1309172/,初恋50次 50 First Dates,初恋五十次 / 50次初恋 / 每天爱你第1次 / 我的失忆女友 / 我的失恋女友 / 第50次求婚,初恋50次 50 First Dates / 初恋五十次 / 50次初恋 / 每天爱你第1次 / 我的失忆女友 / 我的失恋女友 / 第50次求婚,7.9,281549,彼得·西格尔,乔治·温,亚当·桑德勒 / 德鲁·巴里摩尔 / 罗伯·施奈德 / 西恩·奥斯汀 / 卢西亚·斯杜斯 / 丹·艾克罗伊德 / 艾米·希尔 / 艾伦·卡瓦特 / 布莱克·克拉克 / 玛娅·鲁道夫 / Pomaika'i Brown / Joe Nakashima / 彼得·丹特 / Dom Magwili / Jonathan Loughran / 韦恩·费德曼 / Kent Avenido / 陈英明 / 琳恩·柯林斯 / 克里斯汀·鲍尔 / Brenda Vivian / 钱特尔·D·克里斯托弗 / 杰姬·桑德勒 / Nicola Hersh / 凯瑟琳·温妮克 / 凯文·詹姆斯 / 阿梅里克斯·阿贝萨米斯 / Jessica Bowman / 米歇尔·李 / 安东尼·帕特里西奥 / 米西·派勒 / 约翰·帕特里克·舒拉克 / Meilinda Cecilia Soerjoko / 安妮·斯泰德曼,2004,2004-06-25(中国大陆) / 2004-02-13(美国),美国,英语 / 夏威夷语 / 汉语普通话,99分钟,99,,,,,喜剧 / 爱情,亨利·罗斯（亚当·桑德勒）是个典型的花花公子，他最擅长的事就是以不同的身份，让美女迷恋上他，并在事后，迅速从关系中脱身。身为夏威夷海洋馆的兽医，亨利有着无尽的浪漫情怀来感染到此休闲的美女，这一次他看上了在餐馆独自用餐的露西(德鲁·巴里摩尔饰)。 他们在一起谈天说地，用百吉饼搭建小房子，笑声不断。亨利对女孩恋恋不舍，相约明晨再次一起用餐。然而，第二天清晨，当亨利热情的与露西打招呼时，露西却宛如陌生人一般冷淡。原来女孩由于车祸患上了奇怪的短期记忆丧失症，记忆永远停留在车祸的前一天。 情圣亨利遇到了自己的难题，他坠入的情网，却爱上一个不断对爱情失忆的女孩儿……
36,https://movie.douban.com/subject/1297630/,第六感 The Sixth Sense,鬼眼(港) / 灵异第六感(台),第六感 The Sixth Sense / 鬼眼(港) / 灵异第六感(台),8.9,562038,M·奈特·沙马兰,M·奈特·沙马兰,布鲁斯·威利斯 / 海利·乔·奥斯蒙 / 托妮·科莱特 / 奥莉维亚·威廉姆斯 / 唐尼·沃尔伯格 / 特拉沃·摩根 / 彼得·安东尼·唐伯蒂斯 / 格伦·菲茨杰拉德 / 米莎·巴顿 / Lisa Summerour / 法尔德斯·巴姆 / 杰弗里·泽布尼斯,1999,1999-08-06(美国),美国,英语 / 拉丁语 / 西班牙语,107分钟,107,,,,,剧情 / 悬疑 / 惊悚,麦克（布鲁斯·威利斯 饰）是著名儿童心理学家，却也有始终未能治愈的患者，甚至因此遭到枪击，这名少年随后也饮枪自毙。这给麦克带来很大心理阴影，一年后他找到另一个症状很像这名患者的男孩柯尔（海利·乔·奥斯蒙 饰），并耐心的做起了他的医生。柯尔并不容易接近，但麦克还是慢慢赢得 了他的信任，得知了柯尔的秘密。原来柯尔有着灵异的第六感，可以看到鬼魂。虽然这令人感到难以置信，但麦克在证实了事情的真相后还是帮助柯尔接受了这个事实。 可是就在问题即将得到解决的时候，麦克却在柯尔的引导下，发现了一个更令人震惊的秘密……
37,https://movie.douban.com/subject/1418192/,加勒比海盗3：世界的尽头 Pirates of the Caribbean: At World's End,加勒比海盜：魔盜王终极之战(港) / 神鬼奇航：世界的尽头(台) / 加勒比海盗3：死亡荣誉 / Pirates 3,加勒比海盗3：世界的尽头 Pirates of the Caribbean: At World's End / 加勒比海盜：魔盜王终极之战(港) / 神鬼奇航：世界的尽头(台) / 加勒比海盗3：死亡荣誉 / Pirates 3,8.4,397183,戈尔·维宾斯基,泰德·艾略特 / 特里·鲁西奥,约翰尼·德普 / 杰弗里·拉什 / 奥兰多·布鲁姆 / 凯拉·奈特莉 / 杰克·达文波特 / 比尔·奈伊 / 乔纳森·普雷斯 / 李·阿伦伯格 / 麦肯锡·克鲁克 / 凯文·麦克纳利 / 大卫·拜利 / 斯特兰·斯卡斯加德 / 汤姆·霍兰德尔 / 娜奥米·哈里斯 / 马丁·科勒巴 / 大卫·斯科菲尔德 / 劳伦·马赫 / 德莫特·基尼 / 克里夫·阿什伯恩 / 克里斯托弗·亚当森 / 安迪·比克维奇 / 乔纳森·林斯利 / 周润发 / 基思·理查兹 / 加桑·马苏德 / 哈基姆·凯-卡西姆 / 多米尼克·斯科特·凯伊 / 瓦妮莎·布兰奇 / 雷吉·李 / 马绍尔·曼尼什 / 安格斯·巴尼特 / Giles New / 塔卡尤·费舍尔 / 马塞尔·尤勒斯 / 塞尔希奥·卡尔德龙 / 詹姆斯·兰开斯特 / 格雷格·埃利斯 / 布伦登·贝尔 / 谢鹤群 / 马克·约瑟夫 / 欧米德·吉亚李利 / 克里斯奥尔波特 / Ned Wertimer / 马克·海德斯 / 马修·沃尔夫 / JB·布兰科 / Gregory Allen / 伊索·阿克瑞恩 / 拉斯蒂·格瑞斯登·博林 / 阿诺德·庄 / 杰森·T·克拉克 / 斯塔尼·科佩 / Nicole Dionne / 马克·卡西米尔·戴妮奇斯,2007,2007-06-12(中国大陆) / 2007-05-25(美国),美国,英语 / 荷兰语,169分钟,169,,,,,动作 / 奇幻 / 冒险,被大章鱼吞下去的杰克船长（强尼·戴普）进入了戴维·琼斯控制的“死界”——世界的尽头。为了拯救杰克，威尔·特纳（奥兰多·布鲁姆）、伊丽莎白（凯拉·奈特莉）和女巫等一行人也来到了“死界”。 找到杰克，他们一行人解开迷咒，逃出了世界尽头。而此时狡猾的卡特勒·贝凯特（汤姆·霍兰德）已经得到了戴维·琼斯（比尔·奈伊）的心脏，由此挟持戴维·琼斯，掌控所有的公海海盗，为东印度公司攫取利益。为了应对危难，各地海盗头目秘密集会，展开是否释放女海神，杀掉戴维·琼斯的争论。 原来女海神正是戴维·琼斯的旧情人，两人之间的微妙关系，成了双方交锋的关键。在平静的海面上，风雨降将至，最终的对决即将展开。每个人面临着怎样的命运？当最后的审判结束，大海能否重归往日的宁静？
38,https://movie.douban.com/subject/1294638/,E.T.外星人 E.T. the Extra-Terrestrial,外星人E.T. / 外星人 / ET / E.T. the Extra-Terrestrial / A Boy's Life,E.T.外星人 E.T. the Extra-Terrestrial / 外星人E.T. / 外星人 / ET / E.T. the Extra-Terrestrial / A Boy's Life,8.6,330493,史蒂文·斯皮尔伯格,梅丽莎·马西森,亨利·托马斯 / 迪·沃伦斯 / 罗伯特·麦克纳夫顿 / 德鲁·巴里摩尔 / 彼德·考约特,1982,2002-06-20(中国大陆) / 1982-05-26(戛纳电影节) / 1982-06-11(美国),美国,英语,115分钟,115,,,,,剧情 / 科幻,小埃利奥特（亨利托马斯）发现一个意外走失的小外星人，他悄悄的收留了小外星人，并把他介绍给自己的哥哥和妹妹。孩子们与外星人友好的相处，给他吃巧克力，带他去郊外寻找家人留下的痕迹，并为小外星人的种种特异功能兴奋不已。渐渐的埃利奥特与外星人之间形成了某种奇妙的联系，跨越了言语沟通的障碍。 可是不久，外星人的存在被大人们知晓，无情的追捕行动展开了。ET被抓进实验室，小埃利奥特也一病不起。孩子们愤怒了，他们自发组织起来，营救外星人。埃利奥特也在心灵的感召下苏醒过来，加入营救行动。他们能成功么？
39,https://movie.douban.com/subject/1305265/,河东狮吼 我家有一隻河東獅,The Lion Roars,河东狮吼 我家有一隻河東獅 / The Lion Roars,6.8,195704,马伟豪,马伟豪 / 江玉仪 / 陈咏燊 / 庄文强 / 钟健强 / 孙浩浩,张柏芝 / 古天乐 / 范冰冰 / 黄伟文 / 许绍雄 / 张锦程 / 黄浩然 / 毛坚,2002,2002-09-28(中国香港),中国大陆 / 中国香港,粤语,100分钟,100,,,,,喜剧 / 爱情 / 古装,月娥（张柏芝）是宋朝年间的烈女，武功了得，行侠仗义，追求专一的爱情和婚姻。一日在演诗会上偶遇一表人才的陈季常（古天乐），二人互生情愫。碰巧皇上为二人赐婚，成全了美好姻缘。但是考验二人感情的时候才刚刚开始——月娥为管住夫君，对季常管束甚严。但适得其反，季常在风流好友苏轼（许绍雄）的带领下经常去寻花问柳。月娥万般无奈，幸好用计试探，终得知季常仍深爱自己。但是，当月娥外出归来，却发现季常旧病复发，竟搭上了郡主（范冰冰）。月娥悲愤交加，喝下了忘情水。
40,https://movie.douban.com/subject/1857099/,老无所依 No Country for Old Men,2百万夺命奇案(港) / 险路勿近(台) / 人心不古,老无所依 No Country for Old Men / 2百万夺命奇案(港) / 险路勿近(台) / 人心不古,8.3,305742,伊桑·科恩 / 乔尔·科恩,乔尔·科恩 / 伊桑·科恩 / 科马克·麦卡锡,汤米·李·琼斯 / 哈维尔·巴登 / 乔什·布洛林 / 伍迪·哈里森 / 凯莉·麦克唐纳 / 加瑞特·迪拉胡特 / 泰丝·哈珀 / 巴里·柯宾 / 斯蒂芬·鲁特 / 贝丝·格兰特 / 安娜·里德 / 姬特·格温 / 吉因·琼斯 / 迈克·沃特福德,2007,2007-05-19(戛纳电影节) / 2007-11-21(美国),美国,英语 / 西班牙语,122 分钟,122,,,,,剧情 / 惊悚 / 犯罪,美国德克萨斯州乡村，老牛仔Moss（乔什·布洛林 饰）在猎杀羚羊时发现几具尸体，几包海洛因和200万现金。Moss决定将毒品和现金占为己有，想以此改变自己的生活，谁知却遭到冷血杀手Chigurh（哈维尔·巴登 饰）的跟踪和追杀，陷入了逃亡的险境。 同时，当地治安官Bell（汤米·李·琼斯 饰）也在对一连串的杀人事件进行调查，并努力保护Moss的安全。但是，让Bell感到无力绝望的是，他使尽浑身解数也无法追踪到冷血杀手，Moss的生命安全也受到严重的威胁，Bell一边缅怀父辈们的光荣岁月，一边深感现实中老无所依的悲哀。
41,https://movie.douban.com/subject/2365260/,爱在暹罗 รักแห่งสยาม,泰哥儿(港) / 暹罗之恋 / 与爱同行 / 爱在暹罗广场 / The Love of Siam / Rak haeng Siam,爱在暹罗 รักแห่งสยาม / 泰哥儿(港) / 暹罗之恋 / 与爱同行 / 爱在暹罗广场 / The Love of Siam / Rak haeng Siam,8.3,295776,楚克·萨克瑞科,楚克·萨克瑞科,维特维斯特·海伦亚沃恩酷 / 马里奥·毛瑞尔 / 赖拉·邦雅淑 / 坎雅·拉坦娜佩琦 / 辛扎伊·本班尼 / 松希·努诺卡空希 / 姘潘·布拉娜嫔 / 阿缇·尼永库 / 吉拉育·拉翁马尼 / 查妮达·彭西皮帕特,2007,2007-11-22(泰国),泰国,泰语,150分钟,150,,,,,剧情 / 爱情 / 同性,Mew（Witwisit Hirunwongkul饰）和Tong（Mario Maurer饰）是一对小伙伴，一场悲剧却使二人不得不分开：Tong的姐姐阿红在一次野外旅行中不幸失踪，Tong的父母迅速决定离开这个伤心地。 几年后，长大了的两人在曼谷广场意外重逢，此时，Mew是August乐团的创作加主唱，相依为命的嬷嬷去世后，他独自一人寂寞地生活。Tong的家庭也难现欢乐，爸爸因为过度思念死去的女儿，整日借酒浇愁。重逢后，时间就像是逆流回童年，两人重拾以往的亲密无间，还是无话不谈的朋友。 渐渐的，一种新的情愫开始在两人心中滋生，派对上，Mew唱出他写的第一首情歌——为Tong而写的情歌，二人情不自禁亲吻了，不料这一幕却被Tong的妈妈尽收眼底……Tong和Mew的交往开始受到阻挠，二人陷入痛苦之中，亦因此得以重新审视这份感情。
42,https://movie.douban.com/subject/1302827/,人工智能 A.I. Artificial Intelligence,AI人工智慧,人工智能 A.I. Artificial Intelligence / AI人工智慧,8.7,451330,史蒂文·斯皮尔伯格,布莱恩·奥尔迪斯 / 伊恩·沃森 / 史蒂文·斯皮尔伯格,海利·乔·奥斯蒙 / 弗兰西丝·奥康纳 / 山姆·洛巴兹 / 杰克·托马斯 / 裘德·洛 / 威廉·赫特 / 梁振邦 / 克拉克·格雷格 / 凯文·苏斯曼 / 汤姆·加洛普 / 尤金·奥斯门特 / 艾普尔·格雷斯 / 马特·温斯顿 / 萨布丽娜·格德维奇 / 西奥·格林利,2001,2001-06-29(美国),美国 / 英国,英语,146分钟,146,,,,,剧情 / 科幻,21世纪中期，由于温室效应，南北极冰川融化，地球上很多城市被淹没。此时，人类科技已经高度发达，人工智能机器人就是人类发明出来用以应对恶劣自然环境的科技手段之一，而且，机器人制造技术已经高度发达，先进的机器人不但拥有可以乱真的人类外表，还能感知自身的存在。 莫妮卡的儿子马丁重病住院，生命危在旦夕，为了缓解伤痛的心情，她领养了机器人小孩大卫（海利•乔•奥斯蒙特 饰），大卫的生存使命就是爱她。马丁苏醒，恢复健康，回到了家里，一系列的事情使大卫“失宠”，最后被莫妮卡抛弃。 在躲过机器屠宰场的残酷追杀后，大卫在机器情人乔（裘德•洛 饰）的帮助下，开始寻找自己的生存价值：渴望变成真正的小孩，重新回到莫妮卡妈妈的身边。谁也不知道他能否完成自己的心愿，脱胎换骨成为真正的人，等待他们的只是凶吉难料的旅程……
43,https://movie.douban.com/subject/2353023/,驯龙高手 How to Train Your Dragon,驯龙记(港),驯龙高手 How to Train Your Dragon / 驯龙记(港),8.8,763280,迪恩·德布洛斯 / 克里斯·桑德斯,威廉姆·戴维斯 / 迪恩·德布洛斯 / 克里斯·桑德斯 / 葛蕾熙达·柯维尔,杰伊·巴鲁切尔 / 杰拉德·巴特勒 / 克雷格·费格森 / 亚美莉卡·费雷拉 / 乔纳·希尔 / 克里斯托夫·梅兹-普莱瑟 / T·J·米勒 / 克里斯汀·韦格 / 罗宾·阿特金·唐斯 / 菲利普·麦格雷德 / 基隆·埃利奥特 / 阿什利·詹森 / 大卫·田纳特,2010,2010-05-14(中国大陆) / 2010-03-18(俄罗斯) / 2010-03-26(美国),美国,英语,98分钟,98,,,,,动画 / 奇幻 / 冒险,维京岛国的少年小嗝嗝（杰伊•巴鲁切尔 Jay Baruchel 配音）是部落统领伟大的斯托里克（杰拉德·巴特勒 Gerard Butler 配音）的儿子，他非常想像自己的父亲一样亲手屠龙——这些飞龙是岛上维京人放牧羊群的主要天敌——但他每次出现在部落屠龙的战斗中都只给大家徒增烦恼。在一次对抗飞龙的战斗中，希卡普偷偷用射龙器击伤了一只最神秘的“夜之怒龙”，并背着族人放生、豢养，甚至驯服了这只龙，还给它起名“无牙”。希卡普的神秘行径引起了一同训练屠龙技巧的女孩阿斯特丽德（亚美莉卡·费雷拉 America Ferrera 配音）的怀疑。阿斯特丽德发现了希卡普的秘密，却同时被身骑“无牙”御风而飞的美妙体验所震撼。格雷决定在屠龙成人礼上向远征归来的斯托里克和族人讲明真相，说服大家放弃屠龙，却偏偏弄巧成拙，害得“无牙”被俘，一场更大的灾难就在眼前……
44,https://movie.douban.com/subject/2334814/,"纽约，我爱你 New York, I Love You","纽约我爱你 / 我爱纽约 / New York, je t'aime","纽约，我爱你 New York, I Love You / 纽约我爱你 / 我爱纽约 / New York, je t'aime",7.6,99480,法提赫·阿金 / 伊万·阿达勒 / Randall Balsmeyer / 艾伦·休斯 / 岩井俊二 / 姜文 / 谢卡尔·卡普尔 / 乔舒亚·马斯顿 / 米拉·奈尔 / 娜塔莉·波特曼 / 布莱特·拉特纳,埃曼纽·本比 / Tristan Carné / 伊斯雷尔·霍洛维茨 / Hall Powell / 詹姆斯·C·斯特劳斯 / 岩井俊二 / 乔舒亚·马斯顿 / 亚力桑德拉·卡索维茨 / 杰夫·内桑森 / 安东尼·明格拉 / 娜塔莉·波特曼 / 费斯·阿金 / 伊万·阿达勒,海登·克里斯滕森 / 娜塔莉·波特曼 / 奥兰多·布鲁姆 / 克里斯蒂娜·里奇 / 李美琪 / 伊桑·霍克 / 克里斯·库珀 / 罗宾·怀特 / 安东·叶利钦 / 奥莉薇·瑟尔比 / 布莱德利·库珀 / 德瑞·德·玛泰 / 希亚·拉博夫 / 朱莉·克里斯蒂 / 约翰·赫特 / 泰勒·吉蕾 / 舒淇 / 乌吾尔·宇杰尔 / 埃里·瓦拉赫 / 克萝丽丝·利奇曼 / 安迪·加西亚 / 布蕾克·莱弗利 / 伊尔凡·可汗,2008,2008-09-06(多伦多电影节) / 2009-10-16(美国),美国,英语 / 俄语 / 依地语 / 粤语 / 法语 / 闽南语 / 汉语普通话,103分钟,103,,,,,剧情 / 爱情,数不尽的摩天大楼，看不完的车水马龙，这里便是不可思议的纽约。怀揣各种梦想的人们，来自不同地域，处于不同境遇，他们巧遇在街头的小酒馆，邂逅在街角的路灯下，因为好奇而交谈，因为寂寞而吸引，在那个充满巧合的城市，演泽着别样的风情与不同浪漫。 本片由12个小短片混剪而成，是继《巴黎我爱你》之后的第二部“爱情城市”系列电影。十二位导演用自己独特的视角重新造访这座城市，他们用自己独特的方式展示了对于纽约的原创性看法。制片埃曼纽班毕伊表示此系列电影还将继续推出，2010年他们的目标锁定里约热内卢和上海两座城市。
45,https://movie.douban.com/subject/1469441/,看上去很美,小红花 / Little Red Flowers,看上去很美 / 小红花 / Little Red Flowers,7.9,89045,张元,宁岱 / 张元,董博文 / 宁元元 / 李昕芸 / 陈曼媛,2006,2006-03-18(中国大陆) / 2006-02-15(柏林电影节),中国大陆 / 意大利,汉语普通话,92分钟,92,,,,,剧情 / 喜剧,在大人和老师眼里，方枪枪不是个好孩子，他调皮捣蛋不听话，一进幼儿园，就被老师追着剪了辫子。方枪枪（董博文 饰）生活的幼儿园里有几百名小朋友，在那里他认识了杨南燕（宁元元 饰）、杨北燕（陈曼媛 饰）。幼儿园里有统一的标准管理着所有小朋友，按时拉屎、自己穿衣，表现优秀的人会被授予 小红花，贴在他们名字后面。慈眉善目的唐老师（李昕芸 饰）让方枪枪感到亲近，而不苟言笑的李老师则让他感到恐惧。 总也得不到5朵小红花的方枪枪在一次意外后，对小红花失去了兴趣。他编故事，给小朋友起外号等等。有天晚上他做了个怪梦，第二天醒来，他把这个秘密告诉别的小朋友，说李老师是一个吃人的大妖怪！……
46,https://movie.douban.com/subject/1291579/,"怪兽电力公司 Monsters, Inc.",怪兽公司(港) / 怪物公司,"怪兽电力公司 Monsters, Inc. / 怪兽公司(港) / 怪物公司",8.8,680520,彼特·道格特 / 大卫·西尔弗曼 / 李·昂克里奇,安德鲁·斯坦顿 / 丹尼尔·吉尔森 / 罗伯特·L·贝尔德 / 瑞特·里斯 / 乔纳森·罗伯特  / 彼特·道格特 / 杰夫·皮金 / 吉尔·卡尔顿 / 拉夫·埃格尔斯顿,约翰·古德曼 / 比利·克里斯托 / 玛丽·吉布斯 / 史蒂夫·布西密 / 詹姆斯·柯本 / 詹妮弗·提莉 / 鲍勃·彼德森 / 约翰·拉森贝格 / 弗兰克·奥兹 / 丹尼尔·吉尔森 / 邦尼·亨特 / 杰克·安杰尔 / 塞缪尔·洛德·布莱克 / 史蒂夫·萨斯坎德,2001,2001-11-02(美国) / 2012-12-19(美国),美国,英语,92分钟,92,,,,,喜剧 / 动画 / 儿童 / 奇幻 / 冒险,我们不知道，在那样的世界里住着那样一群怪物。他们长相滑稽，却必须装作狰狞。因为，在夜深的时候，他们要悄悄的出现在孩子的衣橱里，吓唬刚刚甜美睡去的宝宝。一切，只因为他们是怪物电力公司的员工，而孩子的尖叫，则是怪物王国发电的全部能量。怪物们害怕孩子，却又必须让孩子尖叫。在怪物的国度里，他们都是为全民造福的英雄。 毛怪苏利文（约翰•古德曼）是怪物公司最出色的员工，业绩总是摇摇领先，他吓哭的小孩儿不计其数。他与搭档大眼怪麦克（比利•克里斯托）很受大家的爱戴。一次偶然，毛怪不小心把一个两岁的小女孩阿布（玛丽•吉布斯）带回了怪物世界，引起了极大的恐慌，调皮可爱的阿布把这些可怕的怪物吓的人仰马翻。警方在追捕阿布，而坏蛋亨利（詹姆斯•柯博）也计划利用阿布进行他改革工厂的邪恶计划。 另一方面，在与阿布相处的过程中，毛怪渐渐对她产生莫名的情愫，甚至因此被放逐野外。可是一切都不能抵挡毛怪拯救女孩的信念，为了阿布，毛怪踏上了艰险的旅程……
47,https://movie.douban.com/subject/3412830/,狄仁杰之通天帝国,通天神探狄仁杰 / Detective Dee and the Mystery of the Phantom Flame,狄仁杰之通天帝国 / 通天神探狄仁杰 / Detective Dee and the Mystery of the Phantom Flame,6.6,277384,徐克,张家鲁,刘德华 / 刘嘉玲 / 李冰冰 / 梁家辉 / 邓超 / 泰迪·罗宾 / 吴耀汉 / 姚橹 / 刘金山 / 马今 / 秦焰 / 王德顺 / 赵家林 / 何晟铭 / 蒋燕鸣 / 黄信纲 / 陈晓 / 哈罗扬 / 符荷晴 / 徐楠 / 柴进 / 沈盈辛 / 姜倩 / 张家鲁 / 成红军 / 教学海 / 陆明 / 贾金虎 / 袁征兵,2010,2010-09-29(中国大陆) / 2010-09-05(威尼斯电影节),中国大陆 / 中国香港,汉语普通话 / 粤语,123分钟,123,,,,,动作 / 悬疑 / 古装,http://site.douban.com/108331/ 狄仁杰之通天帝国豆瓣小站 武则天（刘嘉玲 饰）登基之前，修建了高达三百尺的通天浮屠。竣工之前，却先后发生命案：工部侍郎贾颐、大理寺卿薛勇（刘金山 饰）相继自焚而亡。监工沙陀（梁家辉 饰）称此二人因动通天柱之灵符而遭天谴。大理寺少卿裴东来（邓超 饰）、武后贴身侍卫上官静儿（李冰冰 饰）奉命调查，但国师陆离却指点此案需狄仁杰（刘德华 饰）查办。武后下旨，入狱八年的狄仁杰获释任钦差负责此案，却遭刺客袭击。所幸其早有防备，加之上官静儿陪护，得以脱身。狄仁杰排除了怀疑对象琅琊王李宵（姚鲁 饰），并拒绝了其对抗武后之约。狄仁杰发现，死者身中赤焰金龟之毒，遂带领裴东来、上官静儿夜访鬼市，希望从昔日太医汪驴口中获得真相，不想遭遇埋伏，疑似国师显身，杀手集结，令三人难以脱身。然而，一番缠斗之后，案情似乎有了水落石出的转机……
48,https://movie.douban.com/subject/1433360/,雏菊 데이지,爱无间 / 黛西 / Daisy,雏菊 데이지 / 爱无间 / 黛西 / Daisy,8.1,258394,刘伟强,郭在容 / 庄文强,全智贤 / 郑雨盛 / 李成宰 / 姜大卫 / 林迪安,2006,2006-04-30(中国大陆) / 2006-03-09(韩国),韩国 / 中国香港,韩语 / 英语 / 汉语普通话,110分钟,110,,,,,剧情 / 爱情,阿姆斯特丹，两个男人爱上了同一个女人，注定了一段纠缠的故事。惠瑛（全智贤饰）是画家，每天到广场帮路人画肖像，而像她一样风雨不改的，还有某人送来的一盘雏菊。每天雏菊总是准时送到，让她心里悸动而好奇。 一天，匆匆而过的正佑(李成宰 饰)遇上了画家。他本是国际警察，来这个城市追捕杀手，然而却迷上了温婉动人的惠瑛，他让惠瑛帮他描肖像，他们的爱情在萌发盛开。 这些情景，送花人看在眼里，痛在心里。他的身份注定了他必须给正佑让出位置，对惠瑛默默付出。因为，他就是正佑所寻找的杀手朴义(郑宇成 饰)。但是，强烈的爱终究让他不再躲在暗处，他决心争取幸福。二人在法律上，感情上的鲜明对立，注定了不能完满的结局，鲜血在惠瑛描有雏菊的花布上蔓延开来……
49,https://movie.douban.com/subject/1304073/,假如爱有天意 클래식,缘起不灭(台) / 不可不信缘 / 爱有天意 / 当爱经过时 / The Classic / Keulraesik,假如爱有天意 클래식 / 缘起不灭(台) / 不可不信缘 / 爱有天意 / 当爱经过时 / The Classic / Keulraesik,8.4,413472,郭在容,郭在容,孙艺珍 / 赵寅成 / 曹承佑 / 李己雨 / 李珠恩 / 林艺珍 / Hyeon-tae Yang / 金秉玉 / 高贤贞 / 李叙 / 徐英姬,2003,2003-01-30,韩国,韩语,133分钟,133,,,,,剧情 / 爱情,2003年的大学生梓希（孙艺珍饰）一天收拾房间，无意中发现一个神秘的箱子，里面满载着母亲珠喜（孙艺珍饰）留下的情书，在阅读中她重温着母亲的初恋回忆。1968年的珠喜，是一个清纯可爱的少女，与穷学生俊河（曹承佑饰）一见钟情，由于珠喜显赫的家世，令两人的恋爱陷入俗套的门不当户不对的痛苦纠结中。2003年的梓希爱情同样坎坷，她暗恋着戏剧学会的尚民（赵寅成饰），却一直难以表白自己的爱意。 而巧妙的是，梓希发觉母亲的初恋故事跟她自己遭遇十分相似。自己能得到幸福吗？还是如母亲一般曲折难求？
50,https://movie.douban.com/subject/1499148/,蓝莓之夜 My Blueberry Nights,我的蓝莓之夜,蓝莓之夜 My Blueberry Nights / 我的蓝莓之夜,7.7,162333,王家卫,王家卫 / 劳伦斯·布洛克,裘德·洛 / 诺拉·琼斯 / 查得·R·戴维斯 / 卡佳·布铭邦 / 蕾切尔·薇兹 / 娜塔莉·波特曼 / 猫女魔力 / 弗兰基·费森 / 大卫·斯特雷泽恩 / 安德莱内·列诺斯 / 本杰明·凯恩 / Michael May / 迈克尔·德拉诺 / 扬·福尔克 / 蒂·艾萨基尔多 / 劳里·约翰逊 / 杰姬·摩尔 / Kenon Walker,2007,2007-12-22(中国大陆) / 2008-01-03(中国香港) / 2007-05-16(戛纳电影节) / 2007-11-28(法国),美国 / 法国 / 中国大陆 / 中国香港,英语,95 分钟,95,,,,,剧情 / 爱情,伊丽莎白（诺拉•琼斯饰）被男友抛弃，伤心又苦恼的她把钥匙扔在咖啡店里。咖啡店的老板杰瑞米（裘德•洛饰）保存了很多钥匙，每把钥匙都埋藏了一个伤心的故事。伊丽莎白爱吃店里没人点的蓝莓蛋糕，在某一晚决定离开纽约，穿越美国到处看看。在旅途上认识了明明深爱却困囿彼此的分居夫妇，还有豪爽爱赌却鲜回家看望父亲的少女（娜塔莉•波曼饰），每到一个地方她就给杰瑞米写一张明信片。以他人为镜，伊丽莎白找到了爱的真谛，回到纽约，看见等待自己的杰瑞米，可以幸福地，再吃一客蓝莓蛋糕，放心享受爱的欢愉。
51,https://movie.douban.com/subject/1293359/,菊次郎的夏天 菊次郎の夏,菊次郎之夏 / Kikujirô no natsu / Kikujiro,菊次郎的夏天 菊次郎の夏 / 菊次郎之夏 / Kikujirô no natsu / Kikujiro,8.9,602483,北野武,北野武,北野武 / 关口雄介 / 岸本加世子 / 吉行和子 / 细川典江 / 大家由祐子 / 磨赤儿 / 铃木忠幸 / 井手博士 / 今村鼠 / 兼子二郎 / 田中要次 / 小岛可奈子,1999,2020-09-25(中国大陆) / 1999-05-20(戛纳电影节) / 1999-06-05(日本),日本,日语,121分钟,121,,,,,剧情 / 喜剧,暑假到来，自幼丧父的小学三年级学生正男（关口雄介饰），如今和奶奶生活在一起，暑假特别无聊。他拿出母亲从外地寄回的信，准备自己一个人去爱知县丰桥市看望母亲。 邻居阿姨（岸本加世子饰）发现后，决定帮正男完成心愿。她拿出一笔钱做为旅费，还安排游手好闲的老公菊次郎（北野武饰）陪伴正男一起踏上寻母之途。可是在第一天，菊次郎就把老婆给的钱全部输光，于是两个人只好步行前往爱知。 一路搭顺风车，惹了不少麻烦后，菊次郎终于带着正男到了他母亲的家，但小男孩却十分沮丧。归途中，菊次郎努力安慰他，二人过得十分愉快，夏天就这么过去了。
52,https://movie.douban.com/subject/4268598/,告白,自白 / 母亲 / Kokuhaku / Confessions,告白 / 自白 / 母亲 / Kokuhaku / Confessions,8.8,677023,中岛哲也,中岛哲也 / 凑佳苗,松隆子 / 冈田将生 / 木村佳乃 / 西井幸人 / 桥本爱 / 芦田爱菜 / 三吉彩花 / 藤原薰 / 井之胁海 / 清水尚弥 / 高桥努 / 一井直树 / 能年玲奈 / 新井浩文 / 野本萤,2010,2010-06-05(日本),日本,日语,106分钟,106,,,,,剧情 / 悬疑,一所平凡的中学，1年B组即将迎来春假。不知天高地厚的学生们肆意吵闹，殊不知一场绵亘数月的风暴正向他们袭来。级任教师森口悠子（松隆子 饰）全然无视这片混乱，静静地向学生们做出最后的告白。这个单亲妈妈独自抚养着可爱的女儿（芦田爱菜 饰），然而女儿最终在游泳池中溺水身亡。警察 认定这是一起意外，森口则认定女儿死于班上两个学生之手。她不动声色地指责着犯人A和B，并宣布用自己的方式进行复仇。在此之后，森口辞去教师职务，1年B班的学生也心怀惴惴迎来了春假。新学期开始，残酷的风暴袭向了这群无知无畏的少男少女…… 本片根据湊かなえ的原作改编，并成为2010年电影旬报十佳影片；第34届日本电影学院奖最佳作品、最佳导演、最佳剧本和最佳剪辑4项大奖。
53,https://movie.douban.com/subject/3291930/,赤壁(下),"赤壁：决战天下 / Red Cliff, Part 2 / Red Cliff: The Decisive Battle","赤壁(下) / 赤壁：决战天下 / Red Cliff, Part 2 / Red Cliff: The Decisive Battle",6.4,150971,吴宇森,吴宇森 / 盛和煜 / 陈汗 / 郭筝 / 罗贯中,梁朝伟 / 金城武 / 张丰毅 / 赵薇 Wei Zhao / 佟大为 / 林志玲 / 张震 / 胡军 / 尤勇智 / 中村狮童 / 宋佳 / 巴森 / 臧金生,2009,2009-01-08(中国大陆) / 2009-01-15(中国香港),中国大陆 / 中国香港 / 日本 / 中国台湾 / 韩国,汉语普通话,142分钟,142,,,,,动作 / 历史 / 战争 / 古装,八卦阵一战，孙刘联军力挫曹兵之锐气。曹操（张丰毅 饰）为此忧心忡忡，加之北方将士因水土不服，死伤过重，更令其头风病发作，幸得侍女骊姬（小宋佳 饰）陪伴照顾。孙尚香（赵薇 饰）易容潜入曹营，借士官长（佟大为 饰）垂青，窃取军情。为了适应水战，曹操采纳荆州降将蔡瑁、张允的意见，将战船用铁锁相连。此后，曹操帐下谋士蒋干（师小红 饰）主动请缨前去拜访故友周瑜（梁朝伟 饰）刺探虚实。周瑜将计就计，假借酒醉泄露军机，让蒋干带回假情报，曹操一怒之下误杀了蔡瑁张允。曹操将因瘟疫致死的将士尸体投入江水，名曰“鬼兵”，意欲扰乱孙刘联盟之军心，小乔（林志玲 饰）见此情景，遂决定夜探曹营，劝其退兵。眼看万事具备，但是风向不对，周瑜遂派鲁肃（侯勇 饰）找诸葛亮（金城武 饰）寻助……
54,https://movie.douban.com/subject/1300960/,碧海蓝天 Le grand bleu,碧海情深 / 夜海倾情 / 碧海情 / 大蓝 / The Big Blue,碧海蓝天 Le grand bleu / 碧海情深 / 夜海倾情 / 碧海情 / 大蓝 / The Big Blue,8.7,144294,吕克·贝松,吕克·贝松 / 玛丽莲‧戈登 / 雅克·梅欧,让-马克·巴尔 / 让·雷诺 / 罗姗娜·阿奎特 / 保罗·希纳尔 / 赛尔乔·卡斯特利托 / 让·布伊兹 / 马克·迪莱特 / 格里芬·邓恩 / 安德烈亚斯·武齐纳斯 / 瓦伦提娜·瓦格斯 / 金伯莉·贝克 / Patrick Fontana / 杰弗里·凯里 / 皮尔·塞姆勒 / 弗兰科·第欧根尼 / 保罗·赫尔曼 / 吕克·贝松 / 克里斯蒂安·加奇奥,1988,1988-05-11(法国),法国 / 意大利,法语 / 英语 / 意大利语,132分钟(法国),132,,,,,剧情 / 爱情,杰克（让-马克•巴尔 Jean-Marc Barr）在希腊海边长大，虽然小时候眼看着爸爸死于一次潜水事故，却没有削减杰克对大海的热爱。当杰克的朋友恩佐（让·雷诺 Jean Reno饰）找到他，劝说他参加潜水冠军大赛时，杰克答应了，在比赛中成绩突出勇夺冠军，并且得到了乔安娜（罗姗娜•阿奎特 Rosanna Arquette饰）的爱。两人打得火热，杰克却意识到他放不下、离不开大海。 意外发生了。好友恩佐在潜水中不幸丧生，杰克把恩佐的尸首放入大海当中，杰克的心中非常迷乱，他觉得自己不再属于人类社会，只想潜进深海，像海豚一样陪伴大海一生。尽管传来了乔安娜怀孕的消息，杰克深情的看了看爱人，转身投入了大海的怀抱。
55,https://movie.douban.com/subject/1299288/,胭脂扣,Rouge,胭脂扣 / Rouge,8.5,295179,关锦鹏,邱刚健 / 李碧华,梅艳芳 / 张国荣 / 万梓良 / 朱宝意 / 温碧霞 / 谭倩红 / 汪禹 / 刘家荣 / 惠英红 / 谢贤 / 黄卓玲,1987,1987-12-05(中国台湾),中国香港,粤语,96分钟,96,,,,,剧情 / 爱情 / 奇幻,报社记者袁永定（万梓良 饰）遇到了一位前来登寻人广告的女子如花（梅艳芳 饰），无意中才发现了该名冷艳的女子原是鬼魂，早在50年前，她是一名红牌妓女，结识了一名纨绔子弟十二少陈振邦（张国荣 饰）。如花深深爱上了这名多情的公子，两人已到了谈婚论嫁的地步，由于身份悬殊，遭到了十二少家人的极力反对。无奈之下，他们以胭脂扣定情，一起吞鸦片殉情。如花未能在地府看到自己的爱人，便到阳间寻找。 如花在两名记者的帮助下，得知原来当年十二少被人救活了，如今生活潦倒。面对十二少的懦弱，如花伤心欲绝，把胭脂扣返还，回到阴间投胎转世。
56,https://movie.douban.com/subject/1433330/,哈利·波特与混血王子 Harry Potter and the Half-Blood Prince,哈利波特6：混血王子的背叛(港/台) / 哈6 / HP and the HBP,哈利·波特与混血王子 Harry Potter and the Half-Blood Prince / 哈利波特6：混血王子的背叛(港/台) / 哈6 / HP and the HBP,8.3,545887,大卫·叶茨,史蒂夫·克洛夫斯 / J. K. 罗琳,丹尼尔·雷德克里夫 / 艾玛·沃森 / 鲁伯特·格林特 / 迈克尔·刚本 / 大卫·勒格诺 / 埃拉丽卡·加拉切 / 吉姆·布劳德本特 / 杰拉丁·萨莫维尔 / 邦妮·怀特 / 朱丽·沃特斯 / 海伦娜·伯翰·卡特 / 海伦·麦克洛瑞 / 蒂莫西·斯波 / 艾伦·瑞克曼 / 奥利弗·菲尔普斯 / 詹姆斯·菲尔普斯 / 弗雷迪·史卓玛 / 杰西·卡芙 / 汤姆·费尔顿 / 阿尔弗雷德·伊诺奇 / 伊文娜·林奇 / 罗伯特·克诺斯 / Louis Cordice / 斯嘉丽·伯恩 / 杰米·威莱特 / 乔什·赫德曼 / 罗彼·考特拉尼 / 沃维克·戴维斯 / 大卫·布拉德利 / 马修·刘易斯 / 威廉姆·麦灵 / 安娜·谢弗 / 戴文·穆雷 / 乔治娜·雷尼达斯 / 玛吉·史密斯 / 伊莎贝拉·拉夫兰德 / 艾芙珊·阿扎德 / 谢发丽·裘德胡里 / 赫洛·费因斯-提芬 / 保罗·里特 / 大卫·休里斯 / 娜塔丽·特纳 / 马克·威廉姆斯 / 弗兰克·迪兰 / 杰玛·琼斯 / 拉尔夫·伊内森 / 梁佩诗 / 亚瑟·博文 / Paul Davies / 艾略特·弗朗西斯 / 鲁斯迪·戈夫 / 詹森·艾萨克 / 奥利维亚·杰森 / 特蕾莎·马奥尼 / 弗莱迪·罗斯 / 本·谢博德 / 卡伦姆·西维耶 / 艾美达·斯丹顿,2009,2009-07-15(中国大陆) / 2009-07-06(英国),英国 / 美国,英语,153分钟,153,,,,,奇幻 / 冒险,这一集中，食死徒开始肆无忌惮横行于麻瓜和魔法两个世界中，霍格沃茨内忧外患，危机重重。邓不利多（迈克尔·甘本 Michael Gambon 饰）带着哈利（丹尼尔·雷德克里夫 Daniel Radcliffe 饰）辗转找到隐居多年的霍拉斯·斯拉格霍恩，请他出山接替斯内普（艾伦 ·里克曼 Alan Rickman 饰）担任魔药学的老师。霍拉斯曾经教授过无数优秀的学生，而汤姆·里德尔——伏地魔——正是他最出色的一名弟子。邓不利多深信霍拉斯保有伏地魔不死身的秘密，他希望哈利能够说服霍拉斯。 另一方面，德拉科·马尔福（汤姆·费尔顿 Tom Felton 饰）宣誓效忠伏地魔，他想方设法将食死徒引入霍格沃茨。而此时，罗恩（鲁伯特·格林特 Rupert Grint 饰）、赫敏（艾玛·沃特森 Emma Watson 饰）他们却还沉浸在青春的躁动中，全然不知黑暗正渐渐逼近……
57,https://movie.douban.com/subject/1299661/,苏州河,Suzhou River,苏州河 / Suzhou River,8.2,235749,娄烨,娄烨,周迅 / 贾宏声 / 华仲凯 / 姚安濂 / 耐安,2000,2000-09-07(中国香港),中国大陆 / 德国,汉语普通话,83 分钟,83,,,,,剧情 / 爱情,上海苏州河上，用摩托车替人送货的马达（贾宏声）接下送接纯真少女牡丹（周迅）的活，两人相处时，牡丹爱上马达，但就在她决定把终身托付给对方时，马达财迷心窍联合黑道朋友绑架了她，令牡丹心灰意冷跳进苏州河里。临跳前，牡丹丢下会变成美人鱼再寻马达的话。 五年后，为自己行为懊悔不迭的马达疑惑牡丹又回来了，开始四处找寻。当在某酒吧里看到扮美人鱼表演的美美（周迅）时，马达认定她就是牡丹，然而美美不过是另一个痴情女子而已。
58,https://movie.douban.com/subject/1920805/,成为简·奥斯汀 Becoming Jane,珍爱来临 / 成为简 / 珍奥斯汀少女日记(港) / 傲慢与偏见之简·奥斯汀 / 傲慢与偏见之简·奥斯汀少女日记,成为简·奥斯汀 Becoming Jane / 珍爱来临 / 成为简 / 珍奥斯汀少女日记(港) / 傲慢与偏见之简·奥斯汀 / 傲慢与偏见之简·奥斯汀少女日记,8.3,274304,朱里安·杰拉德,Sarah Williams / Kevin Hood / 简·奥斯汀,安妮·海瑟薇 / 詹姆斯·麦卡沃伊 / 朱丽·沃特斯 / 詹姆斯·克伦威尔 / 玛吉·史密斯 / 安娜·麦克西维尔·马丁 / 露西·科乎 / 劳伦斯·福克斯 / 伊恩·理查森 / 乔·安德森 / 里奥·比尔 / 杰茜卡·阿什沃思 / 汤姆-沃恩-劳勒,2007,2007-03-09(英国),英国 / 爱尔兰,英语,120 分钟,120,,,,,剧情 / 爱情 / 传记,简•奥斯汀（安妮·海瑟薇 Anne Hathaway 饰）的一生是否如她的文字那样充满曲折的过程和完满的结局？《成为简》用传记方式描述她的一生：她的母亲竭力为她撮合婚事，对象是上层社会的有钱人。但是简不接受没有爱情的婚姻，认为女人要靠自己的能力去养活自身。于是，她拒绝贵族瓦斯莱先生的求婚，爱上了心灵相通的汤姆•勒弗罗伊（詹姆斯·麦卡沃伊 James McAvoy 饰）。 好事多磨，有人从中作梗，导致汤姆家人并不赞成二人婚事，汤姆决定携简私奔。但是这样一来，汤姆的经济来源就会被切断，简亦将面临着世俗的压力和贫困的生活。到底二人在私奔路上会走得多远？会不会有美满的结局？
59,https://movie.douban.com/subject/1296996/,哈利·波特与密室 Harry Potter and the Chamber of Secrets,哈利波特2：消失的密室(港/台) / 哈2,哈利·波特与密室 Harry Potter and the Chamber of Secrets / 哈利波特2：消失的密室(港/台) / 哈2,8.9,769551,克里斯·哥伦布,史蒂夫·克洛夫斯 / J. K. 罗琳,丹尼尔·雷德克里夫 / 艾玛·沃森 / 鲁伯特·格林特 / 汤姆·费尔顿 / 理查德·格雷弗斯 / 费奥纳·肖 / 托比·琼斯 / 朱丽·沃特斯 / 邦妮·怀特 / 詹森·艾萨克 / 肯尼思·布拉纳 / 艾伦·瑞克曼 / 理查德·哈里斯 / 玛吉·史密斯 / 约翰·克里斯 / 肖恩·比格斯代夫 / 克里斯·兰金 / 克里斯蒂安·库尔森,2002,2003-01-24(中国大陆) / 2002-11-15(英国/美国),英国 / 美国,英语,161分钟,161,,,,,奇幻 / 冒险,哈利波特（丹尼尔•雷德克里夫 Daniel Radcliffe 饰）结束了假期，即将回到霍格沃兹继续学习魔法。一个叫多比的家养小精灵警告哈利不要回到霍格沃兹，否则会陷入极大的危险。哈利没有听从多比的劝告，回到了霍格沃兹。很快，霍格沃兹发生了一连窜怪事:接二连三出现学生被石化，一直找不出原因。而哈利总能听到一种奇怪的声音，从墙壁里传出来。 传说，霍格沃兹有一个密室，里面记录着伏地魔年轻时的秘密，只有斯莱特林的人才能打开密室。哈利偶然发现自己能听懂蛇说话，一时传闻是哈利打开了密室。难道多比所指的危险就隐藏在密室？
60,https://movie.douban.com/subject/1292217/,穆赫兰道 Mulholland Dr.,失忆大道(港) / 穆荷兰大道(台) / 黄褐色的旅车 / Mulholland Drive,穆赫兰道 Mulholland Dr. / 失忆大道(港) / 穆荷兰大道(台) / 黄褐色的旅车 / Mulholland Drive,8.4,444038,大卫·林奇,大卫·林奇,娜奥米·沃茨 / 劳拉·哈灵 / 安·米勒 / 贾斯汀·塞洛克斯 / 斯科特·科菲 / 梅利莎·乔治 / 布兰特·布里斯科 / 罗伯特·福斯特 / 凯瑟琳·汤 / 李·格兰特 / 比利·雷·赛勒斯 / 查德·艾微特 / 丽塔·塔格特 / 詹姆斯·凯伦 / 洛里·海瑞 / 安哲罗·巴达拉曼提 / 迈克尔·德·巴雷斯 / 马库斯·格雷厄姆 / 丹·哈达亚 / 马克·佩雷格里诺 / 蒙蒂·蒙哥马利 / 迈克尔·J·安德森,2001,2001-05-16(戛纳电影节) / 2001-10-12(美国) / 2001-11-21(法国),法国 / 美国,英语 / 西班牙语,147分钟,147,,,,,剧情 / 悬疑 / 惊悚,深夜的穆赫兰道发生一桩车祸，女子丽塔（劳拉·赫利 Laura Harring 饰）在车祸中失了忆。她跌跌撞撞来到一个公寓里藏身。 一名男子说他常常梦见一个叫云奇的地方，那里有个恶魔盯着他。于是就来到云奇，果真见到墙后有怪物出现，男子当场晕死。 另有一名杀手杀死了他面前 的男人，然而蹩脚的他却惹来了不少一连串的麻烦。 故事回到一个刚到好莱坞“寻梦”的女子贝蒂（娜奥米·沃茨 Naomi Watts 饰），她的姨父姨母在电影圈有广泛人缘，让贝蒂的发展如虎添翼，试镜大受好评。同时，她所住的公寓，正好是丽塔藏身之地。贝蒂收留了丽塔，二人感情融洽。面对记不起自己是谁的丽塔，贝蒂决定帮助她寻找回自己的记忆。 一名导演想自己决定新戏的女主角，却被他人强行安排人选。工作不顺意的他还发现妻子和清洁工睡在一起。 这些看似松散的事件，就像一个迷宫，引向一个让人猜不透的世界……
61,https://movie.douban.com/subject/1308843/,"我，机器人 I, Robot",智能叛变(港) / 机械公敌(台),"我，机器人 I, Robot / 智能叛变(港) / 机械公敌(台)",8.2,277576,亚历克斯·普罗亚斯,杰夫·温塔 / 阿齐瓦·高斯曼 / 艾萨克·阿西莫夫,威尔·史密斯 / 布里吉特·莫伊纳汉 / 艾伦·图代克 / 詹姆斯·克伦威尔 / 布鲁斯·格林伍德 / Adrian Ricard / 齐·麦克布赖德 / 杰瑞·瓦塞尔曼 / Fiona Hogan / 彼得·新田 / 特瑞·陈 / 戴维·哈索姆 / Scott Heindl / Sharon Wilkins / Craig March / 阿伦·道格拉斯 / 艾米丽·坦南特 / 希亚·拉博夫 / Tiffany Lyndall-Knight / 安吉拉·穆尔 / Aaron Joseph / 西蒙·本克 / 菲利普·米切尔 / 琳娜·泽格,2004,2004-07-16(美国),美国 / 德国,英语,115 分钟,115,,,,,动作 / 科幻 / 悬疑 / 惊悚,公元2035年，是人和机器人和谐相处的社会，智能机器人作为最好的生产工具和人类伙伴，逐渐深入人类生活的各个领域，而由于机器人“三大法则”的限制，人类对机器人充满信任，很多机器人甚至已经成为家庭成员。 总部位于芝加哥的USR公司开发出了更先进的NS-5型超能机器人，然而就在新产品上市前夕，机器人的创造者阿尔弗莱德•朗宁博士却在公司内离奇自杀。 黑人警探戴尔•斯普纳（威尔•史密斯 饰）接手了此案的调查，由于不愉快的往事，斯普纳对机器人充满了怀疑，不相信人类与机器人能够和谐共处。他根据对朗宁博士生前在3D投影机内留下的信息分析和对自杀现场的勘查，怀疑对象锁定了朗宁博士自己研制的NS-5型机器人桑尼，而公司总裁劳伦斯•罗伯逊似乎也与此事有关。 斯普纳结识了专门研究机器人心理的女科学家苏珊•凯文(碧姬•奈娜汉 饰)，随着二人调查的深入，真相一步一步被揭露出来：机器人竟然具备了自我进化的能力，他们对“三大法则”有了自己的理解，他们随时会转化成整个人类的“机械公敌”。 斯普纳和凯文开始了对抗机器人的行动，一场制造者和被制造者之间的战争拉开序幕。
62,https://movie.douban.com/subject/2037012/,革命之路 Revolutionary Road,浮生路(港) / 真爱旅程(台) / 革命路,革命之路 Revolutionary Road / 浮生路(港) / 真爱旅程(台) / 革命路,8.2,217950,萨姆·门德斯,贾斯汀·海瑟 / 理查德·耶茨,凯特·温丝莱特 / 莱昂纳多·迪卡普里奥 / 克里斯托弗·菲茨杰拉德 / 尼尔·布莱德森 / 马琳·爱尔兰 / 萨曼莎·索尔 / 山姆罗森 / 大卫·哈伯 / 凯瑟琳·科廷 / 凯西·贝茨 / 理查德·伊斯顿 / 凯瑟琳·哈恩 / 佐伊·卡赞 / 迪伦·贝克 / 基思·雷丁 / 芮安·辛普金斯 / 泰·辛普金斯 / 马克斯·凯塞拉 / 麦克斯·贝克 / 杰伊·桑德斯 / 迈克尔·珊农 / Jason Etter / Kal Thompson / Racheline Maltese / 文斯·佐丹奴 / 克里斯汀·康奈利 / 约翰·贝尔曼 / Dan Burkarth / 大卫·坎贝尔 / 彼得·康博伊 / 戴维·基尔 / 乔什·格里赛迪 / Zoe Hartman / Amy Mielke / Cristina Marie / 肖恩·麦瑞南 / Timothy McCartney / 亨尼·罗素 / 乔纳森·伊冯,2008,2008-12-15(洛杉矶首映) / 2008-12-26(美国) / 2009-01-30(英国),美国 / 英国,英语,119 分钟,119,,,,,剧情 / 爱情,当他们第一次见面，他是高谈阔论的有志青年，她是向往成为名演员的未来之星。而如今，婚后的他们变了。他变成了在公司做不喜欢工作的无聊上班族，她成了不入流的糟糕演员。在一次演出后，丈夫弗兰克（莱奥纳多•迪卡布莱里奥饰）与妻子爱波（凯特•温斯莱特饰）大动肝火，两人多年的积怨终于爆发。莫非婚姻真的躲不过七年之痒？悲痛的爱波整理照片，发现弗兰克年轻的照片，想起他曾经描述的“美好的巴黎”，她提出了一个计划“全家搬到巴黎”，以拯救这个家庭。但是，这看似遥不可及的计划，却成为了催化剂，将两人推向婚姻更痛苦的深渊。
63,https://movie.douban.com/subject/1306160/,新警察故事,New Police Story,新警察故事 / New Police Story,7.8,333210,陈木胜,袁锦麟,成龙 / 谢霆锋 / 杨采妮 / 蔡卓妍 / 吴彦祖 / 安志杰 / 尹子维 / 王杰 / 于荣光 / 叶山豪 / 蒋怡 / 伍允龙 / 孙淳,2004,2004-09-24(中国大陆),中国大陆 / 中国香港,英语 / 汉语普通话 / 粤语,123分钟,123,,,,,剧情 / 动作 / 惊悚 / 犯罪,陈国荣（成龙 饰）的所在那一组警察是警队精英，破案无数。阿祖（吴彦祖 饰）是总警师的儿子，却勾结了几个高官子弟( 蒋怡丶尹子维丶安志杰丶叶山豪)挑战警方。他们到银行抢劫，警钟敲响警察赶到时，就把阿荣及队员带进了一个早已设计好的空旷仓库里。警员都陷进了匪徒早已设计好的游戏程序里，残忍的被杀害，连阿荣女朋友可颐 （杨采妮 饰）的弟弟也被无法幸免。阿荣就此被停职，出于内疚也跟可颐分手了。 终日喝得烂醉的阿荣在酒吧遇到了阿锋（谢霆锋 饰），阿锋为了使阿荣振作起来，决定假扮警察告诉阿荣自己是上司派来要求得到阿荣协助翻案的新警员。 阿荣又遇到那群狠狠打击他的罪犯，与他们斗志斗勇，在警花莎莎（蔡卓妍 饰）的协助下知道匪徒当年的事件被编成了一部游戏，同时也知道了当年为何情报被泄漏的原因。
64,https://movie.douban.com/subject/1302476/,麦兜故事 麥兜故事,麦兜的故事 / My Life as McDull,麦兜故事 麥兜故事 / 麦兜的故事 / My Life as McDull,8.6,184428,袁建滔,谢立文 / 麦家碧,李晋纬 / 林海峰 / 吴君如 / 黄秋生 / Buxx Banner,2001,2001-12-15,中国香港,粤语,Japan: 75 分钟,75,,,,,剧情 / 喜剧 / 动画,麦兜，一个长得不帅，头脑平平的小朋友。和妈妈麦太太，在香港一个叫大角咀的地方过着并不富裕却很快乐的生活。从麦兜带着妈妈的期望来到世界那一刻开始，他的脑海中一直飘满七彩幻想的泡泡。那个蓝天白云，椰林树影，水清沙白的童年的马尔代夫，那充满诱惑的圣诞火鸡的浓香，还有那个关于“抢包山”的奥运金牌的梦想，让麦兜平凡着他的平凡，却幸福着他的幸福。麦兜，和春田花花幼儿园的小朋友们一起，陪着我们，简单的在爱的呵护下慢慢长大。
65,https://movie.douban.com/subject/1858711/,玩具总动员3 Toy Story 3,反斗奇兵3(港) / 玩具的故事3,玩具总动员3 Toy Story 3 / 反斗奇兵3(港) / 玩具的故事3,8.9,523956,李·昂克里奇,迈克尔·阿恩特 / 约翰·拉塞特 / 安德鲁·斯坦顿 / 李·昂克里奇,汤姆·汉克斯 / 蒂姆·艾伦 / 琼·库萨克 / 尼德·巴蒂 / 唐·里克斯 / 迈克尔·基顿,2010,2010-06-16(中国大陆) / 2010-06-18(美国),美国,英语 / 西班牙语,103分钟,103,,,,,喜剧 / 动画 / 奇幻 / 冒险,距上一次的冒险已经过去11个年头，转眼间安迪（约翰·莫里斯 John Morris 配音）变成了17岁的阳光男孩。这年夏天，安迪即将开始大学生活，他必须将自己的房间收拾整齐留给妹妹。此前，伍迪（汤姆·汉克斯 Tom Hanks 配音）与巴斯光年（蒂姆·艾伦 Tim Allen 配音）等玩具一直期待安迪再和他们玩耍，但是随着岁月的流逝，他们被冷落在箱子里很久了。安迪十分珍惜这些童年的玩伴，于是准备将他们收在阁楼。谁曾想，妈妈却把玩具们当作废物扔到街道上。玩具们误解了安迪，于是愤然出走，宁可被捐赠到阳光之家幼儿园。 伍迪尽力劝解大家，却收效甚微，只得独自黯然离开。巴斯光年他们原本以为将重新回到往昔的快乐时光，不料却陷入一场阴谋之中……
66,https://movie.douban.com/subject/1308587/,向左走·向右走,"Turn Left, Turn Right","向左走·向右走 / Turn Left, Turn Right",6.9,114492,杜琪峰 / 韦家辉,韦家辉 / 游乃海 / 欧健儿 / 叶天成 / 幾米,金城武 / 梁咏琪 / 关颖 / 陈之财 / 林雪 / 许绍雄,2003,2003-09-11(中国香港),中国香港 / 新加坡,汉语普通话 / 粤语 / 波兰语,95分钟,95,,,,,爱情,小提琴家刘智康（金城武）和翻译家蔡嘉仪（梁咏琪）的房间仅相隔一堵墙，然而由于总是在同一时刻同一地点一个向左一个向右走，他们从没遇见过。某天因为来到同一所公园，他们终于在一片水池的一端相遇，并且一见如故。一个快乐又甜蜜的下午很快过去，快黄昏时突降倾盆大雨，两人于匆忙分手时交换了电话号码，不料到家后发现写有号码的纸片已被雨水打湿成模糊一团。 为了让刘智康和蔡嘉仪今生都不能再见面，分别暗恋他们的小红和胡医生想出诡计，加上两人相遇的公园正在清拆，他们开始相信彼此之间真的没有缘分。
67,https://movie.douban.com/subject/1295865/,燃情岁月 Legends of the Fall,秋日传奇 / 真爱一世情(台) / Legends of the Autumn,燃情岁月 Legends of the Fall / 秋日传奇 / 真爱一世情(台) / Legends of the Autumn,8.7,289404,爱德华·兹威克,威廉·D·威特利夫 / 吉姆·哈里森 / 苏珊·希利迪,布拉德·皮特 / 安东尼·霍普金斯 / 艾丹·奎因 / 朱莉娅·奥蒙德 / 亨利·托马斯 / 卡琳娜·隆巴德 / 坦图·卡丁诺 / 高登·图托西斯 / 克里斯蒂娜·皮克勒斯 / 约翰·诺瓦克 / 肯尼斯·威尔什 / 尼格尔·本内特 / 基根·麦金托什 / 埃里克·约翰逊 / 兰德尔·斯莱文 / 大卫·卡耶 / 查尔斯·安德烈 / 肯·科齐格 / 温妮·孔 / 巴特熊 / 格雷格·福西特 / 加里·A·赫克 / 马修·罗伯特·凯利,1994,1994-12-16(美国),美国,英语 / 科尼什语,133分钟,133,,,,,剧情 / 爱情 / 战争 / 西部,辽阔的西部草原住着一位父亲和他的三个儿子——父亲是退了休的骑兵上校，三个儿子个性鲜明：大儿子艾尔弗莱德（艾丹•奎因 Aidan Quinn 饰）忠厚老实，二儿子特里斯坦（布拉德•皮特 Brad Pitt 饰）狂放不羁，最小的儿子塞缪尔（亨瑞•托马斯Henry Thomas饰）温文尔雅。 父子在大草原的生活随着塞缪尔未婚妻苏珊娜（朱莉娅•奥蒙德 Julia Ormond 饰）的到来而改变。苏珊娜年轻漂亮，给艾尔弗莱德带来了内心的震动。他暗恋她，然而苏珊娜心里却不由自主的迷恋上豪放粗犷的特里斯坦。出于道德的坚守，他们一直压抑着内心的感情。 直到塞缪尔壮烈牺牲在前线，事情有了变化。特里斯坦非常爱戴哥哥，无法面对已经爱上苏珊娜的现实，于是离家出走。而苏珊娜万念俱灰，答应嫁给了艾尔弗莱德，而特里斯坦在草原之外也已结婚生子。事情好像趋于了平静，但特里斯坦妻子的亡故又令事情有了波澜。
68,https://movie.douban.com/subject/1419936/,战争之王 Lord of War,军火之王(台/港) / 军火商,战争之王 Lord of War / 军火之王(台/港) / 军火商,8.7,372521,安德鲁·尼科尔,安德鲁·尼科尔,尼古拉斯·凯奇 / 布里吉特·莫伊纳汉 / 杰瑞德·莱托 / 伊安·霍姆 / 伊桑·霍克 / 埃夫吉恩尼·拉扎雷夫 / 伊默恩·沃克 / 塔尼特·菲尼克斯,2005,2005-09-16(美国),美国 / 德国,英语 / 乌克兰语 / 德语 / 西班牙语 / 俄语 / 法语 / 阿拉伯语 / 土耳其语,122 分钟,122,,,,,剧情 / 犯罪,本来美国移民尤瑞（尼古拉斯•凯奇 Nicolas Cage 饰）的家族生意是开饭馆。但是一个偶然的机会令他踏入了军火生意的大门，从此开始了贩卖武器的“职业生涯”。尤瑞遇事机智，胆大心细，这不仅让他成功俘获了美女埃娃的心，还使得他在地下军火生意中愈战愈勇。但是，不顺心的事情也随之而来：出现了生意上的死对头和一名老是盯着他的国际警察；弟弟染上毒瘾，并在一单生意交易中丧了命，而且，尽管他在竭力维护自己在家庭里的正义形象，但却掩盖不了真相。尤瑞开始反省自己生意的正义性，拷问自己的良心，但一切太迟，他已经众叛亲离……
69,https://movie.douban.com/subject/1781636/,大力水手 第一季 Popeye the Sailor Season 1,Popeye / 大力水手,大力水手 第一季 Popeye the Sailor Season 1 / Popeye / 大力水手,8.5,79723,E.C. Segar,,,1960,1960-10-26(美国),美国,英语,,,2,169,6分钟,6,喜剧 / 动画,波派是一个水手，和女友奥莉弗开心的生活在一起。波派和奥莉弗的幸福生活引起了坏蛋的布鲁托的嫉妒，他千方百计要将奥莉弗抢走。于是，每一集中布鲁托总是想尽办法来抢奥莉弗，每每在他即将得手的时候，波派总能得到他的救命符——菠菜。只要 吃了菠菜，波派就能变得力大无穷，布鲁托的亦会随之被无敌的波派制服！
70,https://movie.douban.com/subject/1945549/,超市夜未眠 Cashback,爱情回水(港) / 现金回馈 / 找零 / 超市未眠夜,超市夜未眠 Cashback / 爱情回水(港) / 现金回馈 / 找零 / 超市未眠夜,7.7,116024,西恩·埃利斯,西恩·埃利斯,肖恩·比格斯代夫 / 艾米莉娅·福克斯 / 迈克尔·迪克森 / 肖恩·埃文斯 / 米歇尔·雷恩,2006,2006-09-10(多伦多电影节),英国,英语 / 西班牙语,102 分钟,102,,,,,剧情 / 喜剧 / 爱情,艺术学院学生本（肖恩•比格斯代夫 Sean Biggerstaff 饰 ）在被女友苏芝甩了之后，夜夜无法入睡。在经历了两周的不眠之夜后，本决定到超市去上夜班以打发这额外的8小时。 在超市上夜班，本遇到了形形色色的人，包括喜欢恶搞的同事巴里和马特、超级迷恋中国功夫的布莱恩，还有收银员莎伦（艾米丽雅•福克斯 Emilia Fox 饰）。在这里，本发现了自己有能停止时间的能力。他一次次在上夜班时停止时间，用自己的画笔去描绘各式女子。 不知不觉间，本发现自己喜欢上了莎伦，并且不再失眠。就在本准备展开爱情攻势的时候，误会一个个接踵而至，本又开始失眠了。
71,https://movie.douban.com/subject/1292553/,真实的谎言 True Lies,真实谎言(港) / 魔鬼大帝：真实的谎言(台),真实的谎言 True Lies / 真实谎言(港) / 魔鬼大帝：真实的谎言(台),8.3,157931,詹姆斯·卡梅隆,詹姆斯·卡梅隆 / 克洛德·齐迪 / 西蒙·米凯尔 / Didier Kaminka,阿诺·施瓦辛格 / 杰米·李·柯蒂斯 / 汤姆·阿诺德 / 比尔·帕克斯顿 / 蒂亚·卡雷尔 / 阿特·马里克 / 艾丽莎·杜什库 / 格兰特·赫斯洛夫 / 马绍尔·曼尼什 / 詹姆斯·艾伦 / 迪特尔·劳特尔 / 简·莫里斯 / 卡齐·查普尔 / 克丽丝蒂娜·怀勒 / 奥弗·萨姆拉 / Paul Barselou / 查尔斯·A·坦伯罗 / 汤姆·伊斯贝尔 / 约翰·布鲁诺 / 雷·巴佛 / 麦克斯·丹尼尔斯 / 查尔顿·赫斯顿 / 洛伦·简斯 / Al Kamarr / 戴夫·奈特 / Jody Millard / 约瑟夫·奥利维拉 / 查利·皮切尔尼 / Dale Resteghini / William Shipman,1994,1995-04-20(中国大陆) / 1994-07-15(美国) / 1994-08-12(英国),美国,英语 / 法语 / 阿拉伯语 / 德语,141分钟,141,,,,,喜剧 / 动作 / 惊悚,哈里（阿诺•施瓦辛格 Arnold Schwarzenegger 饰）是美国FBI的高级特工，他正在奉命调查一起跨国核武器走私案件。出于安全考虑，哈里连结婚15年的妻子海伦（杰米•李•柯蒂斯 Jamie Lee Curtis 饰）都没有告诉他的真实身份。 海伦是一名普通白领，平凡的生活已令她心生厌倦。一次，汽车商西蒙假扮FBI特工，溜到海伦家谎称自己被人追杀。紧张刺激的经历很快令海伦着迷。 这一切都没有逃过真正的FBI特工哈里眼睛。哈里利用间谍侦查手段令到西蒙洋相百出，并化妆成法国人正欲调戏海伦时，被恐怖分子突然袭击，两人被挟持到一个热带小岛。哈里和海伦最终能否逃出生天，挫败恐怖分子阴谋？
72,https://movie.douban.com/subject/1304585/,BJ单身日记 Bridget Jones's Diary,布雷吉特·琼斯的日记,BJ单身日记 Bridget Jones's Diary / 布雷吉特·琼斯的日记,7.5,224077,莎伦·马奎尔,理查德·柯蒂斯 / 安德鲁·戴维斯,蕾妮·齐薇格 / 科林·费尔斯 / 休·格兰特 / 吉姆·布劳德本特 / 雪莉·亨德森 / 莎莉·菲利普斯 / 詹姆斯·卡利斯,2001,2001-04-04(英国),英国 / 法国 / 美国 / 爱尔兰,英语,97分钟,97,,,,,喜剧 / 爱情,布里奇特•琼斯（蕾妮•齐维格 饰）是一个32岁的单身女子。她的工作及生活都是平淡无奇的，她唯一想得到一份真挚的爱情，就算有一众好友在身边及时安慰，布里奇特还是没有好过点。新的一年里，她要过一种新的生活。她选择用日记把自己生活里的点点滴滴都记录下来，她开始变得喜悦起来。 这时在她与风流倜傥的上司丹尼尔•克里弗（休•格兰特 饰）产生了感情，丹尼尔原来早与女友订婚，使布里奇特伤心不已。高傲却真实的马克•达西（科林•菲尔斯 饰）也表示对她的爱慕之情。布里奇特周旋在两个男人之间，不知如何选择。
73,https://movie.douban.com/subject/1304141/,黑客帝国2：重装上阵 The Matrix Reloaded,22世纪杀人网络2：决战未来(港) / 骇客任务：重装上阵(台) / 廿二世纪杀人网络2：决战未来 / 黑客帝国2 / 骇客帝国2,黑客帝国2：重装上阵 The Matrix Reloaded / 22世纪杀人网络2：决战未来(港) / 骇客任务：重装上阵(台) / 廿二世纪杀人网络2：决战未来 / 黑客帝国2 / 骇客帝国2,8.7,410194,拉娜·沃卓斯基 / 莉莉·沃卓斯基,莉莉·沃卓斯基 / 拉娜·沃卓斯基,基努·里维斯 / 劳伦斯·菲什伯恩 / 凯瑞-安·莫斯 / 雨果·维文 / 莫妮卡·贝鲁奇 / 赫尔穆特·巴凯蒂斯 / 斯蒂夫·巴什托尼 / 克里斯汀·阿努 / 丹尼尔·伯哈特 / 约瑟芬·白内斯 / 安迪·阿尼斯 / 贾达·萍克·史密斯 / 邹兆龙 / 埃茜·戴维斯 / 纳许·埃哲顿 / 格洛丽亚·福斯特 / 大卫·富兰克林 / 诺娜·加耶 / 小罗伊·琼斯 / 大卫·基尔德 / 兰德尔·杜克·金 / 克里斯托弗·卡比 / 纳撒尼尔·利斯 / 哈里·列尼斯 / 罗伯特·马莫内 / 马特·麦科姆 / 罗宾·奈文 / 大卫·诺 / 吉娜薇·欧瑞丽 / 苏格拉底·奥图 / 哈罗德·佩里诺 / 阿德里安·雷梅特 / 尼尔·雷梅特 / 鲁伯特·雷德 / 大卫·罗伯茨 / 凯文·斯科特 / 尼坎德罗·托马斯 / 吉娜·托瑞斯 / 史蒂夫·维拉 / 克莱顿·华生 / 康奈尔·韦斯特 / 雷·沃纳尔 / 伯纳德·怀特 / 朗贝尔·维尔森 / 安东尼·布兰登·黄 / 安东尼·泽比,2003,2003-07-18(中国大陆) / 2003-05-07(韦斯特伍德首映) / 2003-05-15(美国),美国,英语 / 法语,138分钟,138,,,,,动作 / 科幻,上一部结尾，尼奥（基奴李维斯 饰）终于意识到自己的能力和使命，中弹复活后，变成了无所不能的“救世主”，他和女友崔妮蒂（凯莉·安·摩丝 饰），舰长墨菲斯（劳伦斯·菲什伯恩 饰）回到了人类的基地锡安，受到人们的热烈欢迎。 此时，“母体”决定先下手为强，派出了两万五千只电子乌贼攻击锡安基地；墨菲斯、尼奥和崔妮蒂则再次进入“母体”，寻找“制钥者”，准备从内部破坏；而本该被尼奥消灭的特勤史密斯似乎出了点问题，脱离了“母体”的控制，拥有可怕的复制能力，阻碍尼奥他们的行动。
74,https://movie.douban.com/subject/2359431/,保持通话 保持通話,Connected,保持通话 保持通話 / Connected,6.8,160049,陈木胜,袁锦麟 / 陈木胜 / 徐兵,古天乐 / 徐熙媛 / 张家辉 / 刘烨 / 樊少皇 / 龚蓓苾 / 张兆辉 / 陈诗慧 / 贝安琪 / 王祖蓝 / 陈家乐 / 洪卓立 / 谭竣浩,2008,2008-09-25(中国香港),中国香港 / 中国大陆,粤语 / 汉语普通话,110分钟,110,,,,,剧情 / 动作,改编自好莱坞电影《驳命来电》(Cellular)。 这天和平日一样，身为工程师的单身妈妈Grace（徐熙媛 饰）拼命工作几乎通宵，次日送女儿婷婷上学。途中被霍德能（刘烨 饰）故意猛撞车身，Grace当场昏迷，醒来后发现已置身于一个密闭的货柜内。昏迷时她看见霍德能对她家大肆搜索并且杀害女佣，醒来后更被追问东西藏在何处。一无所知的Grace毫无办法，在悍匪离开后竭力地把一台损毁的电话接线，拨出给财务公司的阿邦（古天乐 饰）。 阿邦面对Grace的苦苦哀求，随手把手机给交警辉Sir（张家辉 饰），由于听不清Grace的说话，辉警告阿邦别再胡闹。阿邦听到手机内枪声后意识到事态严重，决定帮助Grace。 眼下第一件事就是拦截悍匪，他们正在前往学校企图带走婷婷以作威胁。悍匪第二个目标是找到Grace弟弟，他们相信他们的犯罪证据就在她弟弟手上。一路上阿邦被误认为劫匪，被警察追逐，陷入困局的他惊讶地发现霍德能一行人竟然是国际刑警，他只有凭着保持通话独力营救，辉Sir的出现也让事情有了一丝转机。
75,https://movie.douban.com/subject/1787291/,被嫌弃的松子的一生 嫌われ松子の一生,花样奇缘(港) / 令人讨厌的松子的一生(台) / 松子被嫌弃的一生 / 松子的悲惨人生 / Kiraware Matsuko no isshô / Memories of Matsuko,被嫌弃的松子的一生 嫌われ松子の一生 / 花样奇缘(港) / 令人讨厌的松子的一生(台) / 松子被嫌弃的一生 / 松子的悲惨人生 / Kiraware Matsuko no isshô / Memories of Matsuko,8.9,709510,中岛哲也,中岛哲也 / 山田宗树,中谷美纪 / 永山瑛太 / 香川照之 / 市川实日子 / 伊势谷友介 / 柄本明 / 黑泽明日香 / 荒川良良 / 柴崎幸 / 土屋安娜 / 奥之矢佳奈 / 谷原章介 / 武田真治 / 片平渚 / 宫藤官九郎 / 角野卓造 / 田中要次 / 木村凯拉 / 谷中敦 / 剧团一人,2006,2006-05-27(日本),日本,日语,130 分钟,130,,,,,剧情 / 歌舞,有一天父亲（香川照之饰）突然来找阿笙（瑛太饰），告诉他有个素未谋面的姑姑死了，叫他去收拾下姑姑的房子。在河边的破烂小屋里，阿笙渐渐开始了解父亲口中的姑姑，到底有着怎样的一生。 小时候的姑姑川尻松子（中谷美纪饰）经常做着白雪公主似的美梦，她后来成为一名安分的中学教师，却因百口莫辩的误会被辞退了，之后和一作家同居，作家却因为太爱她而选择自杀，死前留下遗言：生而为人对不起。这件事对松子打击极大；之后与该作家的事业敌人同居直至，又忍受不住去找对方妻子的诱惑，结果惨遭抛弃；又是当上浴室女郎，甚至还杀人入狱，然而不管有意无意，她从不放弃生活的希望。不管生活再怎样破碎，她仍然本能地生存下去，这生存本身，足以打动任何人，包括阿笙。
76,https://movie.douban.com/subject/1294963/,一个都不能少,Not One Less / 一个也不能少,一个都不能少 / Not One Less / 一个也不能少,7.7,134605,张艺谋,施祥生,魏敏芝 / 张慧科 / 田正达 / 高恩满 / 孙志梅 / 冯玉英 / 李凡凡 / 张艺长 / 徐占青 / 刘汉芝 / 马国林 / 武万录 / 刘茹 / 王淑兰 / 付新民 / 白梅,1999,1999-09-07(威尼斯电影节),中国大陆,晋语 / 汉语普通话,106 分钟,106,,,,,剧情,水泉小学唯一的老师高老师因为家中有事，不得不暂时请假回家。村长不得不从隔壁的村子找来了一个十三四岁的女孩魏敏芝来代替高老师上课。高老师觉得她年纪小，可是无奈找人不容易，只好嘱咐魏敏之每天给他们抄课文，准确点清人数，一个都不能少。原本30多个学生，因为家里负担不起，所以只剩下了26个。 学生都觉得这个老师太年轻了，没有老师的样子便开始欺负她，整个教室都乱哄哄的。张慧科家境贫穷，母亲又病卧在床，所以他不得不到城里打工挣钱。魏敏芝得知情况后，呼吁同学一起凑钱去找他回来。 魏敏芝到达城里后，历经辛苦，在好心人的帮助下才找到了张慧科，而且这些山区的孩子得到了社会的很大关注。
77,https://movie.douban.com/subject/1291990/,爱在日落黄昏时 Before Sunset,日落巴黎(港) / 爱在日落巴黎时(台) / 日落之前 / 情留相逢时 / 爱在日落余晖时 / 爱在日落黄昏前,爱在日落黄昏时 Before Sunset / 日落巴黎(港) / 爱在日落巴黎时(台) / 日落之前 / 情留相逢时 / 爱在日落余晖时 / 爱在日落黄昏前,8.9,568749,理查德·林克莱特,理查德·林克莱特 / 朱莉·德尔佩 / 伊桑·霍克 / 金·克里桑,伊桑·霍克 / 朱莉·德尔佩 / 弗农·多布切夫 / 路易丝·勒莫瓦纳·托雷斯 / 罗多尔·保利 / 玛丽安·普莱施泰格 / 迪亚博洛 / 丹尼·弗拉 / 艾伯特·德尔佩 / 玛丽·佩里,2004,2004-02-10(柏林电影节) / 2004-07-30(美国),美国 / 法国,英语 / 法语,80 分钟,80,,,,,剧情 / 爱情,九年前，杰西（伊桑·霍克 Ethan Hawke 饰）与席琳（朱莉·德尔佩 Julie Delpy 饰）在火车上不期而遇，怦然心动。在维也纳渡过疯狂而又浪漫的一夜后，他们在日出前分手，并相约在维也纳重逢。 九年之后，杰西已成为畅销书作家，而席琳则是法国环保组织成员。杰西在新书里娓娓道来的，正是九年前的浪漫夜晚。在巴黎促销新书时，杰西与席琳在书店相遇，然而他们只有一下午的时光相处，日落之前，杰西要乘飞机赶回美国。两人在午后的巴黎街头散步，在美丽的护城河上泛舟，无所不谈，兴致勃勃。可是就像命运的捉弄，快乐的时光像烟花一样醉人却短暂。 杰西对席琳一送再送，难以忘情；席琳用吉他和歌声，怀念着内心深处的爱恋。太阳就快落下去了，杰西就要误了飞机，又或许他更不想错过的，是命里注定的缘分。
78,https://movie.douban.com/subject/1418605/,夜宴,The Banquet / Legend of the Black Scorpion,夜宴 / The Banquet / Legend of the Black Scorpion,6.0,183070,冯小刚,邱刚健 / 盛和煜,章子怡 / 葛优 / 吴彦祖 / 周迅 / 马精武 / 黄晓明 / 周中和 / 曾秋生 / 徐熙颜 / 刘燕斌 / 马仑 / 项斌 / 郑春雨,2006,2006-08-30(中国大陆) / 2006-09-03(威尼斯电影节),中国大陆 / 中国香港,汉语普通话,131分钟,131,,,,,剧情 / 动作 / 武侠 / 古装,五代十国，纷纷扰扰，争斗不休。 先帝离奇驾崩，厉帝（葛优 饰）篡位，把先帝美丽的皇后（章子怡 饰）占为己有。皇后为求自保，惟有奉承于厉帝膝下。然而，她的心中有着更大的，不为人知的野心。 太子（吴彦祖 饰）是先帝的儿子，亡父之痛让他决心放弃艺术家的生活，开始了复仇之路。然而，犹豫不决的天性让他在复仇路上走得伤痕累累，作为后母的皇后更是 让他充满了感情的纠缠。 青女（周迅 饰）已被许为太子的妻子，她对太子痴心不二，最后却断送了青春年华。青女哥哥（黄晓明 饰）年轻气盛，与妹妹感情甚笃，深深陷入了这场斗争。 这天，厉帝开设夜宴，众人出席，暗涌翻滚，杀机四伏。
79,https://movie.douban.com/subject/1308777/,暖暖内含光 Eternal Sunshine of the Spotless Mind,暧暧内含光 / 美丽心灵的永恒阳光 / 纯洁心灵的永恒阳光 / 无瑕心灵的永恒阳光 / 无痛失恋(港) / 王牌冤家(台) / 灵光乍现 / 忘记你我做不到(豆友译名),暖暖内含光 Eternal Sunshine of the Spotless Mind / 暧暧内含光 / 美丽心灵的永恒阳光 / 纯洁心灵的永恒阳光 / 无瑕心灵的永恒阳光 / 无痛失恋(港) / 王牌冤家(台) / 灵光乍现 / 忘记你我做不到(豆友译名),8.5,251986,米歇尔·贡德里,查理·考夫曼 / 米歇尔·贡德里 / 皮埃尔·比斯毛特,金·凯瑞 / 凯特·温丝莱特 / 伊利亚·伍德 / 克斯汀·邓斯特 / 汤姆斯·杰·瑞恩 / 马克·鲁弗洛 / 简·亚当斯 / 大卫·克罗斯 / 汤姆·威尔金森 / Amir Ali Said / Brian Price / 波琳·里特,2004,2004-03-19(美国),美国,英语,108分钟,108,,,,,剧情 / 爱情 / 科幻,内向沉稳的约尔•巴瑞斯（金•凯瑞 饰）在一次聚会中认识了率真随性的克莱门汀•克罗斯基（凯特•温丝莱特 饰），二人成为情侣。和普通的情侣一样，他们的日子也在甜蜜和争吵中度过。 2004年情人节前夕，当约尔精心准备好礼物，为不久前一次争吵找到克莱门汀道歉时，他惊讶地发现，克莱门汀根本都不记得他了。原来冲动的克莱门汀受不了二人交往中争吵的痛苦，到“忘情诊所”，把关于约尔的记忆删除得一干二净。 约尔无法原谅克莱门汀的任性，也无法忍受失去她的痛苦，所以他也到了“忘情诊所”，请求医生霍华德博士（汤姆•维尔金森 饰）消除关于克莱门汀的记忆。 记忆清除程序开始启动，约尔在自己的记忆中游走，他发现和克莱斯汀一起度过的那些时光，无论是痛苦还是甜蜜，都弥足珍贵，他并不想忘记这个自己深爱的女人。但是，程序一旦启动就无法逆转，约尔只能想尽办法把克莱斯汀藏到记忆最深的地方，那些现实中克莱斯汀本来没有出现过的时间角落，以保存这份爱情……
80,https://movie.douban.com/subject/1428576/,葫芦兄弟,葫芦娃,葫芦兄弟 / 葫芦娃,9.1,132095,胡进庆 / 葛桂云 / 周克勤,姚忠礼 / 杨玉良 / 胡进庆,戴欣 / 朱艺 / 倪以临 / 战车,1986,1986-01(中国大陆),中国大陆,汉语普通话,,,,13,10分钟,10,动画 / 儿童,一个善良的老爷爷种了一棵葫芦树，在他的悉心照顾下，葫芦藤很快结出了七颗大葫芦。葫芦们都很有灵性，老爷爷来了他们争先恐后的叫爷爷，老爷爷十分开心。然而一天，山里的蛇精将老爷爷捉走了，葫芦们看着十分着急，却也无能为力。随后，葫芦们一个个开始成熟了，一天，最大的那个葫芦掉在地上，一个葫芦娃从里面蹦了出来。他向兄弟们挥挥手，决定单枪匹马闯蛇洞去救出爷爷。他能成功吗？
81,https://movie.douban.com/subject/2043546/,秒速5厘米 秒速5センチメートル,秒速五厘米 / 秒速5公分 / Byôsoku 5 senchimêtoru / 5 Centimeters per Second / 5 Centimeters Per Second: A Chain of Short Stories About Their Distance,秒速5厘米 秒速5センチメートル / 秒速五厘米 / 秒速5公分 / Byôsoku 5 senchimêtoru / 5 Centimeters per Second / 5 Centimeters Per Second: A Chain of Short Stories About Their Distance,8.3,580616,新海诚,新海诚,水桥研二 / 近藤好美 / 花村怜美 / 尾上绫华 / 水野理纱 / 寺崎裕香 / 中村祐子 / 岩崎征实 / 内藤玲 / 下崎纮史 / 平野贵裕 / 中川玲 / 井关佳子 / 井上优 / 加古临王 / 中村梨香 / 须加美纪 / 鲑延未可 / 新鹿由美子 / 斋藤由香子,2007,2007-03-03(日本),日本,日语,63分钟,63,,,,,剧情 / 爱情 / 动画,如果，樱花掉落的速度是每秒5厘米，那么两颗心需要多久才能靠近？ 少年时，贵树（水桥研二 配音）和明理（近藤好美 配音）是形影不离的好朋友，可很快，一道巨大的鸿沟便横亘在两人中间：明理转学，贵树也随着父母工作的调动搬到遥远的鹿儿岛。在搬家前，贵树乘坐新干线千里迢迢和明理相会，在漫 长的等待后，茫茫大雪中，两人在枯萎的樱花树下深情相拥，并献出彼此的first kiss，约定着下一次再一起来看樱花。 时光荏苒，两人竟再没见过，虽然在人海中一直搜寻彼此的身影，但似乎总是徒然。再后来，他们分别有了各自的生活，只是还偶尔会梦到13岁时的这段青涩而美好的感情，才明白当年怎么也说不出口的那个字就是爱。
82,https://movie.douban.com/subject/3546019/,赵氏孤儿,Sacrifice,赵氏孤儿 / Sacrifice,6.0,177495,陈凯歌,陈凯歌 / 高璇 / 任宝茹 / 赵宁宇,葛优 / 王学圻 / 黄晓明 / 范冰冰 / 海清 / 赵文浩 / 王翰 / 赵文卓 / 鲍国安 / 张丰毅,2010,2010-12-04(中国大陆),中国大陆,汉语普通话,128分钟,128,,,,,剧情 / 动作 / 历史 / 武侠 / 古装,《赵氏孤儿》豆瓣官方小站：http://site.douban.com/107923/ 春秋时期，晋灵公不喜权臣屠岸贾（王学圻 饰）当道，且厌丞相赵盾（鲍国安 饰）专横。赵盾之子赵朔（赵文卓 饰）双喜临门，不仅战功卓著，而且妻子庄姬（范冰冰 饰）也身怀六甲。屠岸贾视之为 心腹大患，设计在朝堂上投毒，借灵公之口，灭赵氏九族。 庄姬在大夫程婴（葛优 饰）诊脉时，目睹夫君赵朔身亡，悲痛中决定生下婴儿。此时，屠岸贾手下韩厥（黄晓明 饰）前来灭种。临危之际，庄姬将婴儿托付程婴，让他交给公孙杵臼（张丰毅 饰），后拔剑自刎。韩厥因此被屠岸贾砍伤，后者下令封城，挨家挨户搜查婴儿。情急之下，程妻（海清 饰）把赵孤交上。程婴前去认领赵孤，程妻去见公孙杵臼。因封城，程妻母子被藏于影壁墙内。屠岸贾设苦肉计，逼程婴说出婴儿下落，相继诛杀公孙杵臼及程妻母子。程婴强忍悲痛，独自抚养赵孤。韩厥在求医时了解到真相，与程婴结下生死同盟。程婴携赵孤投奔屠岸贾门下，并让屠岸贾认下赵孤为义子。从此，展开了长达 15年的复仇计划……
83,https://movie.douban.com/subject/1308799/,一个陌生女人的来信,Letter from an Unknown Woman,一个陌生女人的来信 / Letter from an Unknown Woman,7.6,137542,徐静蕾,斯蒂芬·茨威格 / 徐静蕾,徐静蕾 / 姜文 / 黄觉 / 焦晃 / 孙飞虎 / 苏小明 / 林源 / 马恩然,2004,2005-03-04(中国大陆) / 2004-09(塞巴斯蒂安电影节),中国大陆,汉语普通话,89分钟,89,,,,,剧情 / 爱情,1948年的深冬，作家（姜文）在41岁生日的晚上收到一封厚厚来信，此信出自一个濒死女人之手，所言是她对他将近20年的爱恋，但他却一无所知。 18年前，13岁的女孩爱上了住在隔壁的作家，因家变搬到了别处后，女孩并没对作家忘情。几年过去，女孩变成女学生（徐静蕾）回到原来的住处，如愿以偿与作家有了交往，但作家对眼前曾住在其隔壁的女学生没有任何印象。作家有事离开，自此音信全无，女学生在绝望的等待中生下她与作家的结晶，并为让孩子过上优越生活变作依附有钱男人的交际花。又过几年，女学生变成女人，再遇她深爱多年的作家时，对方仍没把她认出。
84,https://movie.douban.com/subject/1292262/,美国往事 Once Upon a Time in America,四海兄弟(台) / 义薄云天(港) / C'era una volta in America,美国往事 Once Upon a Time in America / 四海兄弟(台) / 义薄云天(港) / C'era una volta in America,9.2,416391,赛尔乔·莱昂内,皮耶罗·德·贝纳迪 / 莱奥纳多·本韦努蒂 / 弗兰科·奥卡利 / 恩里科·梅迪欧力 / 弗兰科·费里尼 / 赛尔乔·莱昂内,罗伯特·德尼罗 / 詹姆斯·伍兹 / 伊丽莎白·麦戈文 / 乔·佩西 / 波特·杨 / 塔斯黛·韦尔德 / 特里特·威廉斯 / 丹尼·爱罗 / 理查德·布赖特 / 詹姆斯·海登 / 威廉·弗西斯 / 达兰妮·弗鲁格 / 拉里·拉普 / 理查德·弗让吉 / 罗伯特·哈珀 / 詹妮弗·康纳利,1984,1984-02-17(波士顿首映) / 1984-09-28(意大利),美国 / 意大利,英语 / 法语 / 意大利语,229分钟(导演剪辑版),229,,,,,剧情 / 犯罪,1933年，纽约流氓Noodles（罗伯特·德·尼罗 饰）因向哈洛伦警司（布鲁斯·巴伦堡 饰）通风报信害死了三名同伙而被追杀。逃亡之前，他打开了存放帮派基金的手提箱，里面却只有报纸。 1968年，已改名换姓的Noodles收到一封犹太会堂通知迁葬亲友的信。Noodles联系拉比，得知信是八个月前寄出的，他的三名同伙已被迁葬至一所豪华公墓。Noodles回到纽约，找老友莫（拉里·拉普 饰）了解情况，却一无所获。闲谈中，Noodles问起莫的妹妹黛博拉（伊丽莎白·麦戈文 饰）的情况，得知其已成名角。 原来，两人少时互有好感，但黛博拉（詹妮弗·康纳利 饰）志向高远脚踏实地，理智地将街头混混Noodles（斯科特·提勒 饰）拒于门外。 Noodles在公墓发现了一把钥匙，并用钥匙打开了当年存放手提箱的储物柜。这一次，箱子里有满满的百元钞，还有写着“下一份工作的预付款”的纸条……
85,https://movie.douban.com/subject/4151110/,山楂树之恋,山楂树 / Under the Hawthorn Tree,山楂树之恋 / 山楂树 / Under the Hawthorn Tree,7.1,339066,张艺谋,尹丽川  / 顾小白 / 阿美 / 艾米,周冬雨 / 窦骁 / 奚美娟 / 李雪健 / 姜瑞佳 / 于新博 / 萨日娜 / 成泰燊 / 吕丽萍 / 孙海英 / 王劲松 / 贺小语 / 易歆韵 / 裘慕远 / 胡馨元 / 边铁军 / 李庆 / 姚丽 / 陈星旭,2010,2010-09-16(中国大陆),中国大陆,汉语普通话,114分钟,114,,,,,剧情 / 爱情,http://site.douban.com/106309/ 山楂树之恋豆瓣小站 20世纪70年代初，响应毛主席号召，知识青年上山下乡。老师（成泰燊 饰）带着教育革命实践小组来到西坪村采风编教材。高中生静秋（周冬雨 饰）被安排在老村长（李雪健 饰）家，村长媳妇（萨日娜 饰）介绍情况时，提到了一个名叫老三（窦骁 饰）的小伙子。他是地质勘探队成员，平日作业，很少回家。静秋对老三很好奇，终于两人相见，以山楂树为话题，袒露心扉，互有好感。老三送她钢笔，陪她解忧，慢慢两人暗生情愫。但静秋返城时，听到老三有女友的传闻，态度骤冷。静秋的父亲被打成右派，母亲（奚美娟 饰）在劳动改造，她和弟弟妹妹课余帮母亲糊信封，生活很艰苦。为了能留校，静秋还要辛勤打工。被误会的老三，只得暗暗想方设法帮助静秋，直到两人重归于好。但他们的事被静秋的母亲撞见了。为了静秋的前途，老三在逼迫下许下了彼此不再见面的誓言……
86,https://movie.douban.com/subject/3683409/,夜·店,超市 / 夜店 / One Night in Supermarket,夜·店 / 超市 / 夜店 / One Night in Supermarket,6.8,179344,杨庆,杨庆,徐峥 / 李小璐 / 乔任梁 / 杨青 / 张嘉益 / 赵英俊,2009,2009-07-24,中国大陆,汉语普通话,94分钟,94,,,,,喜剧,那夜超市人未眠。 粗心的24小时超市老板娘打错了彩民何三水（徐峥 饰）的彩票，使何三水错失9500块钱的奖金。在几次讨说法未果的情况下，何三水带着愣头愣脑的侄子决定非讨个说法，然而两个夜班营业员李俊伟（乔任梁 饰）和唐晓莲（李小璐 饰）并不能解决此事。在几番令人啼笑皆非的折腾之后，何三水在李俊伟的帮助下，终于找到了快速拿到9500块钱的方法。 正当所有人认为事情要圆满落幕之时，半路状况频发，先是老板娘横空出世，其后劫匪也赶来凑热闹，但是结尾时却又让人生出几分意外的惊喜。 这部电影是橙天和中影“青年导演计划”的最新力作，也是青年导演杨庆的银幕处女作。
87,https://movie.douban.com/subject/1301445/,黑衣人 Men in Black,黑超特警组(港) / MIB星际战警(台) / MIB,黑衣人 Men in Black / 黑超特警组(港) / MIB星际战警(台) / MIB,8.3,338574,巴里·索南菲尔德,艾德·索罗门 / 劳威尔·坎宁安,威尔·史密斯 / 汤米·李·琼斯 / 琳达·费奥伦蒂诺 / 文森特·多诺费奥 / 雷普·汤恩 / 托尼·夏尔赫布,1997,1997-07-02(美国),美国,英语 / 西班牙语,98分钟,98,,,,,喜剧 / 动作 / 科幻,地球并不只是人类的天下，其实有1500名外星人生活中我们当中，而星际移民局则处理和外星人相关的事情。 纽约普通警察爱德华兹（威尔·史密斯 饰）因缘际会之下加入了这一组织，成为MIB的一员，代号J，从此没有名字、没有身份，成为特警K（汤姆·李·琼斯 饰）的搭档。 J应对的 第一起事件就是虫族的入侵。亚基伦王子罗斯伯在地球被虫族杀害，而他随身携带的“银河系”——宇宙次原子能源的最好来源也失踪了，若虫族找到，将给亚基伦人带来毁灭性的打击；亚基伦人发出最后通牒，如果地球人不能在一个小时之内交出“银河系”，他们就摧毁地球。 为了地球的安全，K和J不得不挺身而出。
88,https://movie.douban.com/subject/1303203/,瘦身男女,Love On A Diet / Sau sun nam nui,瘦身男女 / Love On A Diet / Sau sun nam nui,6.9,163802,杜琪峰 / 韦家辉,韦家辉 / 游乃海,刘德华 / 郑秀文 / 王天林 / 林雪 / 黑川力矢 / 佐膝佳次,2001,2001-06-21(中国香港),中国香港,粤语 / 日语,94分钟,94,,,,,喜剧 / 爱情,Mini Mo（郑秀文饰）遭受失恋的打击后，饮食失去控制后体重升至260磅，窈窕身材不再。她与初恋情人黑川约定在十年后的日本相见，但旧貌不再的她深感自卑。偶然相识了跟她同样体型极胖的肥佬（刘德华饰），肥佬非常同情她，决定要帮她重塑魔鬼身材。肥佬以地狱式减肥方法锻炼Mini，为了让她减肥成功，得到更多的金钱让她上专业美容院减肥，肥佬不惜在街头被拳击换取酬劳。令Mini感动不已。 Mini恢复原貌前去赴约，黑川向她提出求婚，可是她心中仍念念不忘为她默默付出的肥佬，盼望跟他重逢的一天。
89,https://movie.douban.com/subject/1293708/,她比烟花寂寞 Hilary and Jackie,无情荒地有琴天(台) / 狂恋大提琴 / 希拉里与杰基 / 希拉莉和积琪琳 / 中断的琴声,她比烟花寂寞 Hilary and Jackie / 无情荒地有琴天(台) / 狂恋大提琴 / 希拉里与杰基 / 希拉莉和积琪琳 / 中断的琴声,8.3,120518,安南德·图克尔,弗兰克·科特雷尔·博伊斯,艾米丽·沃森 / 瑞切尔·格里菲斯 / 詹姆斯·弗莱恩 / 大卫·莫瑞瑟 / 查尔斯·丹斯 / 西莉亚·伊姆里 / 鲁伯特·彭利-琼斯 / 比尔·帕特森 / Auriol Evans / Keylee Jade Flanders / 奈里·唐·波特 / 弗农·多布切夫 / 琳达·斯珀里尔 / 罗伯特·里耶蒂 / Stella Maris / Oliver Lee / Michael Fish,1998,1998-09-05(威尼斯电影节) / 1999-01-22(英国),英国,英语,121分钟,121,,,,,剧情 / 音乐 / 传记,希拉莉（瑞切尔•格里菲斯 饰）与积琪琳（艾米丽•沃森 饰）是一对感情深厚的姐妹。姐姐希拉莉很有吹长笛的天分，积琪琳看着姐姐拿到了许多荣耀也不甘落后，经过艰苦练习后，积琪琳的大提琴也有了很大的进步。在一次比赛中，两人分别获得了第一，但希拉莉开始嫉妒妹妹，纵使两人的感情没有受到影响，可是希拉莉的音乐之路开始触礁。 长大后的希拉莉成家了，搬到了偏远地区，这时也同样结婚了的积琪琳十分羡慕姐姐过着平常但幸福的生活，她开始厌倦到处表演。她逃到了姐姐的家中，却要求与姐夫发生关系，为了迁就妹妹，希拉莉只好妥协。终于一天，积琪琳发现姐夫爱的依然是姐姐时，她离开了，回到了丈夫的身边，正当一切进展顺利之际，她发现自己患上了不治之症。
90,https://movie.douban.com/subject/1295229/,木乃伊 The Mummy,盗墓迷城(港) / 神鬼传奇(台),木乃伊 The Mummy / 盗墓迷城(港) / 神鬼传奇(台),7.9,193699,斯蒂芬·索莫斯,斯蒂芬·索莫斯 / 劳埃德·丰维耶勒 / 凯文·贾尔  / 约翰·L·鲍尔德斯顿 / 尼纳·威尔科克斯·普特南 / 理查德·沙耶尔,布兰登·费舍 / 蕾切尔·薇兹 / 约翰·汉纳 / 阿诺德·沃斯洛 / 凯文·J·奥康纳 / 乔纳森·海德 / 奥德·菲尔 / 艾瑞克·阿瓦利 / 史蒂芬·邓纳姆 / 克里·约翰逊 / 塔克·霍金斯 / 欧米德·吉亚李利 / 阿隆·伊帕莱 / 博纳德·福克斯 / 帕翠西娅·维拉奎兹 / 卡尔·蔡斯 / Mohammed Afifi / 肖恩·克罗宁 / 霍伊·多罗夫 / 若昂·科斯塔·梅内塞斯,1999,1999-04-16(葡萄牙) / 1999-05-07(美国),美国 / 英国 / 摩洛哥,英语 / 古埃及语 / 阿拉伯语 / 汉语普通话 / 希伯来语 / 匈牙利语,125分钟,125,,,,,剧情 / 动作 / 奇幻 / 冒险,埃及城市哈姆纳塔是历代法老墓地，相传此处拥有法老留下的大量珍奇异宝，源源不断的人前往掘金，但却生还者寥寥。哈姆纳塔因此成为谜样的所在，获名“亡灵之城”。 图书管理员伊芙琳（Rachel Weisz 瑞切尔·薇茨饰）偶然得到一张哈姆纳塔的地图，大为兴奋的她决定和哥哥一起去那儿考古，他们找到曾经的幸存者欧康诺（Brendan Fraser 布兰登·弗雷泽饰），三人结伴前往。 一段惊险旅途后，伊芙琳一行与其他人终于抵达哈姆纳塔，可是最恐怖的事情发生了：三千年前赛提一世的大祭司伊莫顿犯下罪行，受到最严厉的诅咒被做成木乃伊封缄在石棺里，他的灵魂却不慎被唤醒，拥有了无比法力的伊莫顿即将血洗埃及，给世界带来无边灾难……
91,https://movie.douban.com/subject/1291544/,哈利·波特与阿兹卡班的囚徒 Harry Potter and the Prisoner of Azkaban,哈利波特3：阿兹卡班的逃犯(港/台) / 哈利·波特与阿兹卡班的逃犯 / 哈3,哈利·波特与阿兹卡班的囚徒 Harry Potter and the Prisoner of Azkaban / 哈利波特3：阿兹卡班的逃犯(港/台) / 哈利·波特与阿兹卡班的逃犯 / 哈3,8.9,742298,阿方索·卡隆,史蒂夫·克洛夫斯 / J. K. 罗琳,丹尼尔·雷德克里夫 / 艾玛·沃森 / 鲁伯特·格林特 / 加里·奥德曼 / 朱丽·沃特斯 / 邦妮·怀特 / 大卫·休里斯 / 迈克尔·刚本 / 艾伦·瑞克曼 / 玛吉·史密斯 / 汤姆·费尔顿 / 艾玛·汤普森 / 朱莉·克里斯蒂 / 蒂莫西·斯波,2004,2004-09-10(中国大陆) / 2004-05-31(英国),英国 / 美国,英语,141 分钟,141,,,,,奇幻 / 冒险,哈利（丹尼尔·雷德克里夫）即将在霍格沃兹渡过第三个年头，此时在阿兹塔班却传出恶棍小天狼星（加里·奥德曼）越狱的消息。据说小天狼星正是背叛哈利父母的好友，他的教父，而这次小天狼星越狱似乎正是为了找他。哈利的心里悄悄的滋生了为父母报仇的想法，期待着小天狼星的出现。 新来的魔法老师卢平（大卫·休里斯）有着桀骜不驯的个性，与哈利关系很好，教了哈利许多实用的黑魔法防御知识。而此时在他的魔法地图上却出现了一个神秘人物，虫尾巴。偶然的机会下，在尖叫棚屋里集齐了哈利父亲当年的所有好友，卢平、虫尾巴、小天狼星，哈利的魔杖直指向小天狼星，但他发现那罪犯看他的眼神里充满了疼爱……
92,https://movie.douban.com/subject/1900841/,窃听风暴 Das Leben der Anderen,窃听者(港) / 他人的生活 / 别人的生活 / 别样人生 / The Lives of Others,窃听风暴 Das Leben der Anderen / 窃听者(港) / 他人的生活 / 别人的生活 / 别样人生 / The Lives of Others,9.2,570240,弗洛里安·亨克尔·冯·多纳斯马尔克,弗洛里安·亨克尔·冯·多纳斯马尔克,乌尔里希·穆埃 / 马蒂娜·格德克 / 塞巴斯蒂安·科赫 / 乌尔里希·图库尔 / 托马斯·蒂梅 / 汉斯-尤韦·鲍尔 / 沃克马·克莱纳特 / 马提亚斯·布伦纳 / 查理·哈纳 / 赫伯特·克瑙普 / 巴斯蒂安·特罗斯特 / 玛丽·格鲁伯 / 维尔纳·德恩 / 马丁·布拉姆马赫 / 托马斯·阿诺德 / 辛纳克·勋纳曼 / 路德韦格·布洛克伯格 / 迈克尔·格伯 / 吉塔·施维赫夫 / 希尔德加德·斯罗德 / 伊嘉·比肯费尔德 / 凯·伊沃·保利兹 / 克劳斯·芒斯特,2006,2006-03-23(德国),德国,德语,137分钟,137,,,,,剧情 / 悬疑,1984年的东德，整个社会笼罩在国家安全局的高压统治之下，特工魏斯曼（乌尔里希·穆埃 Ulrich Mühe 饰）奉命监听剧作家德莱曼（塞巴斯蒂安·科赫 Sebastian Koch 饰）及其女友演员克里斯蒂娜（马蒂娜·格德克 Martina Gedeck 饰）的生活，监听过程中，魏斯曼渐渐对这家人的生活产生了兴趣，开始暗中帮助他们。一篇刊登在西德《明镜》报上的文章引起了特工头目的注意，他们认为这篇文章是德莱曼写的，并逮捕了克里斯蒂娜，希望能够从她口中得出她丈夫的秘密？而审问克里斯蒂娜的正是魏斯曼……
93,https://movie.douban.com/subject/1299131/,教父2 The Godfather: Part II,教父续集(港) / 教父II,教父2 The Godfather: Part II / 教父续集(港) / 教父II,9.3,559714,弗朗西斯·福特·科波拉,弗朗西斯·福特·科波拉 / 马里奥·普佐,阿尔·帕西诺 / 罗伯特·杜瓦尔 / 黛安·基顿 / 罗伯特·德尼罗 / 约翰·凯泽尔 / 塔莉娅·夏尔 / 李·斯特拉斯伯格 / 迈克尔·V·格佐 / G•D•斯普拉德林 / 理查德·布赖特 / 加斯通·莫辛 / 汤姆·罗斯奎 / 布鲁诺·柯比 / 弗兰克·西维罗 / 弗朗西丝卡·德·萨维奥 / 摩甘娜金 / 玛丽亚娜·希尔 / 莱奥波多·特里耶斯泰 / 多米尼克·查尼斯 / Amerigo Tot / 特洛伊·多纳休 / 约翰·阿普雷亚 / 乔·斯皮内尔 / 阿贝·维高达 / 吉亚尼·罗素 / Maria Carta / 菲伊·斯潘 / 哈利·戴恩·斯坦通 / 卡明·卡里迪 / 丹尼·爱罗 / 威廉·鲍尔斯 / 约瑟夫·德拉·索尔特 / 卡门·阿尔根齐亚诺 / 乔·罗·格里普 / Ezio Flagello / 凯瑟琳·贝勒 / Saveria Mazzola / Tito Alba / 彼得·多纳特 / 汤姆·达尔格伦 / Phil Feldman / 罗杰·科曼 / 伊凡·科尔 / 艾丽卡·约恩 / Teresa Tirelli / 詹姆斯·肯恩 / Italia Coppola / 罗曼·科波拉 / 索菲亚·科波拉 / 朱莉·格雷格 / George Holmes / Buck Houghton / Shep Houghton / 小杉正一 / 加里·库尔茨 / Laura Lyons / 理查德·麦瑟森 / 约翰·梅根纳 / Harrison Ressler / Al Roberts / Hank Robinson / Filomena Spagnuolo,1974,1974-12-12(纽约首映) / 1974-12-20(美国),美国,英语 / 意大利语 / 西班牙语 / 拉丁语 / 西西里语,202分钟,202,,,,,剧情 / 犯罪,迈克尔（阿尔·帕西诺 饰）是美利坚黑手党科利昂家族的头目。 迈克尔的父亲维托·安多里尼（罗伯特·德尼罗 饰）出生于意大利科利昂镇。1901年，维托的父亲安东尼奥、兄长保罗、母亲（玛丽亚·卡塔 饰）都死于黑手党西乔家族之手。9岁的维托只得漂洋过海逃亡美利坚谋生。入境时，海关官员（理查德·沃森 饰）将其名姓登记为维托·科利昂。 1958年，迈克尔为儿子安东尼（詹姆斯·古纳瑞斯 饰）举办了初领圣体的聚会，不想当晚便遭遇暗杀。迈克尔侥幸躲过一劫，两名杀手却被人灭口。 维托在异国他乡如何生存？他身负的血海深仇能否得报？想要迈克尔性命的是谁？将杀手灭口的又是谁？
94,https://movie.douban.com/subject/1885124/,时间旅行者的妻子 The Time Traveler's Wife,时光旅的恋人(港) / 时空旅人之妻(台),时间旅行者的妻子 The Time Traveler's Wife / 时光旅的恋人(港) / 时空旅人之妻(台),7.7,243184,罗伯特·施文特克,布鲁斯·乔尔·鲁宾 / 奥黛丽·尼芬格,瑞秋·麦克亚当斯 / 艾瑞克·巴纳 / 阿莱克斯·费瑞斯 / 艾利斯·霍华德 / 米歇尔·诺尔顿 / 布鲁克琳·普劳克斯 / 朗·里维斯顿 / 塔图姆·麦克凯恩,2009,2009-08-14(美国),美国,英语,107分钟,107,,,,,剧情 / 爱情 / 悬疑 / 奇幻,一场车祸，母亲丧生，而孩子却奇迹般幸存，他赤裸着身体获救，然而救人者竟然是来自未来的自己。原来，这个名叫亨利（艾瑞克•巴纳 Eric Bana 饰）的图书管理员，患上慢性时间错位症，以至于每次发病都将穿越时空。而且，他每次穿越都赤身裸体，经常闹出笑话。久而久之，亨利习以为常。一个偶然的机会，他爱上了一个名叫克莱尔（瑞秋•麦克亚当斯 Rachel McAdams 饰）的女孩。为了追求克莱尔，他穿越时空对6岁的克莱尔表白，并许诺未来将娶她为妻。因此，当亨利在现实中出现时，两人迅速热恋、结婚，而且还生了一个女孩。但是，亨利的老毛病依旧无法改变，所以克莱尔必须适应这个穿越时空的老公，两人也因此历经磨难…… 本片改编自美国作家奥黛丽•尼芬格(Audrey Niffenegger)创作的同名畅销小说。
95,https://movie.douban.com/subject/1309201/,马达加斯加 Madagascar,荒失失奇兵(港),马达加斯加 Madagascar / 荒失失奇兵(港),7.9,198062,埃里克·达尼尔 / 汤姆·麦格拉思,马克·伯顿 / 比利·弗罗利克 / 埃里克·达尼尔 / 汤姆·麦格拉思,本·斯蒂勒 / 克里斯·洛克 / 大卫·休默 / 贾达·萍克·史密斯 / 萨莎·拜伦·科恩,2005,2005-07-15(中国大陆) / 2005-05-27(美国),美国,英语 / 葡萄牙语 / 西班牙语 / 德语 / 法语,86 分钟,86,,,,,喜剧 / 动画 / 家庭 / 冒险,在纽约的中央公园里，生活着这样一群无忧无虑的好朋友：狮子亚利克斯、斑马马蒂、长颈鹿麦尔曼以及胖河马格洛丽亚。他们的性格开朗活泼，因此每天的生活都过得丰富多彩。直到有一天，一群流浪的企鹅令斑马马蒂产生了一个大胆的念头，那就是逃出动物园，探寻自己的故乡，寻找新世界。于是，没有通知其他朋友，马蒂悄悄上路了。这下可急坏了朋友们，亚历克斯和其他几个朋友也逃出了中央公园，踏上了寻找马蒂的旅途。
96,https://movie.douban.com/subject/1767042/,潘神的迷宫 El laberinto del fauno,魔间迷宫(港) / 羊男的迷宫(台) / 潘的迷宫 / 奇幻迷宫 / Pan's Labyrinth,潘神的迷宫 El laberinto del fauno / 魔间迷宫(港) / 羊男的迷宫(台) / 潘的迷宫 / 奇幻迷宫 / Pan's Labyrinth,7.9,235802,吉尔莫·德尔·托罗,吉尔莫·德尔·托罗,伊万娜·巴克罗 / 塞尔希·洛佩斯 / 玛丽维尔·贝尔杜 / 道格·琼斯 / 阿里亚德娜·希尔 / 亚历克斯·安克吕罗 / 曼诺罗·索洛 / 罗杰·卡萨马杰 / 伊万·马萨格 / 干沙路·乌里亚特 / 塞巴斯蒂安·哈罗 / Mila Espiga / Pepa Pedroche / 查尼·马丁 / 米洛·塔波阿达 / 费尔南多·阿尔比祖 / 乔斯·路易斯·托里霍 / 因尼哥·加塞斯 / 费尔南多·提尔弗 / 费德里科·路皮 / Eduardo Aránega / Eusebio Lázaro / Juanjo Cucalón / Francisco Vidal / Lina Mira / César Vea,2006,2006-10-11(西班牙),西班牙 / 墨西哥,西班牙语,118分钟(英国),118,,,,,剧情 / 战争 / 奇幻,12岁女孩子奥菲丽娅（伊万娜•巴克尔洛 饰）有一个凶暴的法西斯军官继父维达（塞吉•洛佩兹 饰），维达的任务就是镇压反抗者，研究各种刑具来折磨残害被抓来的异见人士，奥菲丽娅每天都目睹让人不愉快的事件。眼看着冷酷的继父和其党羽每日作恶还以此为乐，母亲又身怀六甲患病在床，被孤独感和目睹暴行的痛苦困扰的奥菲丽娅开始沉浸在自己的幻想中聊以自慰。 一天，奥菲丽娅遇到了迷宫的守护者，潘神（道格•琼斯 饰）。潘神告诉她，她其实是奇幻王国失踪的公主，要想恢复身份，必须通过三个危险的考验。
97,https://movie.douban.com/subject/1393859/,老友记 第一季 Friends Season 1,六人行 第一季 / 都市六人行 第一季 / F·R·I·E·N·D·S / Six of One,老友记 第一季 Friends Season 1 / 六人行 第一季 / 都市六人行 第一季 / F·R·I·E·N·D·S / Six of One,9.7,337441,大卫·克拉尼 / 玛尔塔·考夫曼,加里·哈勒沃尔森 / 凯文·布莱特,詹妮弗·安妮斯顿 / 柯特妮·考克斯 / 丽莎·库卓 / 马特·勒布朗 / 马修·派瑞 / 大卫·休默 / 詹姆斯·迈克尔·泰勒,1994,1994-09-22(美国),美国,英语 / 荷兰语 / 汉语普通话,,,10,24,22分钟 / 30分钟(未删减版),22,喜剧 / 爱情,莫妮卡（柯特妮·考克斯 ）、钱德（马修·派瑞）、瑞秋（詹妮弗·安妮斯顿）、菲比（莉莎·库卓）、乔伊（马特·理勃兰）和罗斯（大卫·休谟）是彼此最好的朋友，一起走过十年岁月的点点滴滴。虽然老友们各有各的性格特点，也会有矛盾和争执，但对于彼此，他们永远be there for you. 故事开始在Central Perk咖啡馆里，婚礼上落荒而逃的瑞秋闯进来寻找老同学莫妮卡。莫妮卡的哥哥刚刚离婚，而他从小暗恋的人正是这个落跑新娘瑞秋。瑞秋在莫妮卡家住了下来，决定不再做爸爸的女孩儿，真正的步入社会，于是在其他老友的帮助下，她上路了，从二十多岁初入社会，到三十多岁成家立业，他们一走就是十年。 十年间风风雨雨，在嬉笑怒骂中，在离别团聚中，他们向我们讲述着友情、爱情还有生活。让我们和他们一起开怀大笑或是黯然神伤。
98,https://movie.douban.com/subject/1291585/,风之谷 風の谷のナウシカ,风谷少女 / Kaze no tani no Naushika / Nausicaä of the Valley of the Wind,风之谷 風の谷のナウシカ / 风谷少女 / Kaze no tani no Naushika / Nausicaä of the Valley of the Wind,8.9,357448,宫崎骏,宫崎骏,岛本须美 / 松田洋治 / 榊原良子 / 辻村真人 / 京田尚子 / 纳谷悟朗 / 永井一郎 / 宫内幸平 / 八奈见乘儿 / 矢田稔 / 富永美伊奈 / 家弓家正 / 吉田理保子 / 菅谷政子 / 坂本千夏 / 鳕子 / 麦人 / 大塚芳忠,1984,1992-05(中国大陆) / 1984-03-11(日本),日本,日语,117分钟,117,,,,,动画 / 奇幻 / 冒险,工业文明的高度发展，却最终带来灾难，一场为期7天的虫族毁灭战争摧毁了人类文明。一千年后，工业文明遗留下来的症结仍在困扰这个星球。带有强烈毒性的植物组成了令人望而却步的“腐海”森林，随着时间的推移，腐海有条不紊地向四周蔓延，蚕食周边世界。在一片腐海森林的旁边，居住着一群御风而行的人类。女主角娜乌茜卡和族人依靠海风的力量抵御着有毒孢子的侵蚀，过着平静祥和的生活。 直到某一天，战火烧到了这里。西方强国特洛梅意欲重新建立人类霸权，他们计划统一周边诸国，然后向虫族发起总攻。另一方面，一千年前曾主导摧毁人类的上古怪兽“猛怪”重现人间。毁灭战争一触即发，人类的命运将会如何…… 本片根据宫崎骏同名漫画改编，并分获1985年罗马奇幻电影节和1985年电影旬报最佳影片奖、1985年每日电影大藤信郎奖。
99,https://movie.douban.com/subject/1499008/,满城尽带黄金甲,Curse of the Golden Flower,满城尽带黄金甲 / Curse of the Golden Flower,5.9,260660,张艺谋,张艺谋 / 吴楠 / 卞智弘,周润发 / 巩俐 / 周杰伦 / 刘烨 / 陈瑾 / 倪大红 / 李曼 / 秦俊杰 / 郭常辉 / 李鸣 / 马天宇 / 张天爱,2006,2006-12-14(中国大陆) / 2006-12-21(中国香港),中国大陆 / 中国香港,汉语普通话,114分钟,114,,,,,剧情 / 动作 / 爱情 / 古装,王（周润发 饰）领兵造反，夺得了王位。他为了更加巩固自己的地位，赶走了前妻，迎娶了梁国的公主、现任王后（巩俐 饰），以得到梁王的支持。王子元祥（刘烨 饰）是前妻留下的孩子，王跟现任王后也生下了元杰（周杰伦 饰）、元成（秦俊杰 饰）。王后却与元祥有着不可告人的乱伦关系，王一直念念不忘自己的前妻，对外声称前妻已死。王后一直野心勃勃，元杰得知父亲逼着母亲吃毒药，就答应了母亲在重阳节的那天发起兵变，腥风血雨的战争也开始了……
